label,gross,period,scale,expected_payg,source
"STSL $116/wk (scale1)",116,weekly,scale1,17,"ATO STSL 2026-27 Excel sample data"
"STSL $116/wk (scale2)",116,weekly,scale2,0,"ATO STSL 2026-27 Excel sample data"
"STSL $116/wk (scale3)",116,weekly,scale3,35,"ATO STSL 2026-27 Excel sample data"
"STSL $116/wk (scale5)",116,weekly,scale5,0,"ATO STSL 2026-27 Excel sample data"
"STSL $116/wk (scale6)",116,weekly,scale6,0,"ATO STSL 2026-27 Excel sample data"
"STSL $117/wk (scale1)",117,weekly,scale1,18,"ATO STSL 2026-27 Excel sample data"
"STSL $117/wk (scale2)",117,weekly,scale2,0,"ATO STSL 2026-27 Excel sample data"
"STSL $117/wk (scale3)",117,weekly,scale3,35,"ATO STSL 2026-27 Excel sample data"
"STSL $117/wk (scale5)",117,weekly,scale5,0,"ATO STSL 2026-27 Excel sample data"
"STSL $117/wk (scale6)",117,weekly,scale6,0,"ATO STSL 2026-27 Excel sample data"
"STSL $187/wk (scale1)",187,weekly,scale1,28,"ATO STSL 2026-27 Excel sample data"
"STSL $187/wk (scale2)",187,weekly,scale2,0,"ATO STSL 2026-27 Excel sample data"
"STSL $187/wk (scale3)",187,weekly,scale3,56,"ATO STSL 2026-27 Excel sample data"
"STSL $187/wk (scale5)",187,weekly,scale5,0,"ATO STSL 2026-27 Excel sample data"
"STSL $187/wk (scale6)",187,weekly,scale6,0,"ATO STSL 2026-27 Excel sample data"
"STSL $188/wk (scale1)",188,weekly,scale1,28,"ATO STSL 2026-27 Excel sample data"
"STSL $188/wk (scale2)",188,weekly,scale2,0,"ATO STSL 2026-27 Excel sample data"
"STSL $188/wk (scale3)",188,weekly,scale3,56,"ATO STSL 2026-27 Excel sample data"
"STSL $188/wk (scale5)",188,weekly,scale5,0,"ATO STSL 2026-27 Excel sample data"
"STSL $188/wk (scale6)",188,weekly,scale6,0,"ATO STSL 2026-27 Excel sample data"
"STSL $249/wk (scale1)",249,weekly,scale1,41,"ATO STSL 2026-27 Excel sample data"
"STSL $249/wk (scale2)",249,weekly,scale2,0,"ATO STSL 2026-27 Excel sample data"
"STSL $249/wk (scale3)",249,weekly,scale3,75,"ATO STSL 2026-27 Excel sample data"
"STSL $249/wk (scale5)",249,weekly,scale5,0,"ATO STSL 2026-27 Excel sample data"
"STSL $249/wk (scale6)",249,weekly,scale6,0,"ATO STSL 2026-27 Excel sample data"
"STSL $250/wk (scale1)",250,weekly,scale1,41,"ATO STSL 2026-27 Excel sample data"
"STSL $250/wk (scale2)",250,weekly,scale2,0,"ATO STSL 2026-27 Excel sample data"
"STSL $250/wk (scale3)",250,weekly,scale3,75,"ATO STSL 2026-27 Excel sample data"
"STSL $250/wk (scale5)",250,weekly,scale5,0,"ATO STSL 2026-27 Excel sample data"
"STSL $250/wk (scale6)",250,weekly,scale6,0,"ATO STSL 2026-27 Excel sample data"
"STSL $361/wk (scale1)",361,weekly,scale1,64,"ATO STSL 2026-27 Excel sample data"
"STSL $361/wk (scale2)",361,weekly,scale2,0,"ATO STSL 2026-27 Excel sample data"
"STSL $361/wk (scale3)",361,weekly,scale3,108,"ATO STSL 2026-27 Excel sample data"
"STSL $361/wk (scale5)",361,weekly,scale5,0,"ATO STSL 2026-27 Excel sample data"
"STSL $361/wk (scale6)",361,weekly,scale6,0,"ATO STSL 2026-27 Excel sample data"
"STSL $362/wk (scale1)",362,weekly,scale1,65,"ATO STSL 2026-27 Excel sample data"
"STSL $362/wk (scale2)",362,weekly,scale2,0,"ATO STSL 2026-27 Excel sample data"
"STSL $362/wk (scale3)",362,weekly,scale3,109,"ATO STSL 2026-27 Excel sample data"
"STSL $362/wk (scale5)",362,weekly,scale5,0,"ATO STSL 2026-27 Excel sample data"
"STSL $362/wk (scale6)",362,weekly,scale6,0,"ATO STSL 2026-27 Excel sample data"
"STSL $370/wk (scale1)",370,weekly,scale1,66,"ATO STSL 2026-27 Excel sample data"
"STSL $370/wk (scale2)",370,weekly,scale2,1,"ATO STSL 2026-27 Excel sample data"
"STSL $370/wk (scale3)",370,weekly,scale3,111,"ATO STSL 2026-27 Excel sample data"
"STSL $370/wk (scale5)",370,weekly,scale5,1,"ATO STSL 2026-27 Excel sample data"
"STSL $370/wk (scale6)",370,weekly,scale6,1,"ATO STSL 2026-27 Excel sample data"
"STSL $371/wk (scale1)",371,weekly,scale1,66,"ATO STSL 2026-27 Excel sample data"
"STSL $371/wk (scale2)",371,weekly,scale2,1,"ATO STSL 2026-27 Excel sample data"
"STSL $371/wk (scale3)",371,weekly,scale3,111,"ATO STSL 2026-27 Excel sample data"
"STSL $371/wk (scale5)",371,weekly,scale5,1,"ATO STSL 2026-27 Excel sample data"
"STSL $371/wk (scale6)",371,weekly,scale6,1,"ATO STSL 2026-27 Excel sample data"
"STSL $514/wk (scale1)",514,weekly,scale1,92,"ATO STSL 2026-27 Excel sample data"
"STSL $514/wk (scale2)",514,weekly,scale2,23,"ATO STSL 2026-27 Excel sample data"
"STSL $514/wk (scale3)",514,weekly,scale3,154,"ATO STSL 2026-27 Excel sample data"
"STSL $514/wk (scale5)",514,weekly,scale5,23,"ATO STSL 2026-27 Excel sample data"
"STSL $514/wk (scale6)",514,weekly,scale6,23,"ATO STSL 2026-27 Excel sample data"
"STSL $515/wk (scale1)",515,weekly,scale1,92,"ATO STSL 2026-27 Excel sample data"
"STSL $515/wk (scale2)",515,weekly,scale2,23,"ATO STSL 2026-27 Excel sample data"
"STSL $515/wk (scale3)",515,weekly,scale3,154,"ATO STSL 2026-27 Excel sample data"
"STSL $515/wk (scale5)",515,weekly,scale5,23,"ATO STSL 2026-27 Excel sample data"
"STSL $515/wk (scale6)",515,weekly,scale6,23,"ATO STSL 2026-27 Excel sample data"
"STSL $537/wk (scale1)",537,weekly,scale1,99,"ATO STSL 2026-27 Excel sample data"
"STSL $537/wk (scale2)",537,weekly,scale2,26,"ATO STSL 2026-27 Excel sample data"
"STSL $537/wk (scale3)",537,weekly,scale3,161,"ATO STSL 2026-27 Excel sample data"
"STSL $537/wk (scale5)",537,weekly,scale5,26,"ATO STSL 2026-27 Excel sample data"
"STSL $537/wk (scale6)",537,weekly,scale6,26,"ATO STSL 2026-27 Excel sample data"
"STSL $538/wk (scale1)",538,weekly,scale1,100,"ATO STSL 2026-27 Excel sample data"
"STSL $538/wk (scale2)",538,weekly,scale2,27,"ATO STSL 2026-27 Excel sample data"
"STSL $538/wk (scale3)",538,weekly,scale3,161,"ATO STSL 2026-27 Excel sample data"
"STSL $538/wk (scale5)",538,weekly,scale5,27,"ATO STSL 2026-27 Excel sample data"
"STSL $538/wk (scale6)",538,weekly,scale6,27,"ATO STSL 2026-27 Excel sample data"
"STSL $672/wk (scale1)",672,weekly,scale1,143,"ATO STSL 2026-27 Excel sample data"
"STSL $672/wk (scale2)",672,weekly,scale2,60,"ATO STSL 2026-27 Excel sample data"
"STSL $672/wk (scale3)",672,weekly,scale3,202,"ATO STSL 2026-27 Excel sample data"
"STSL $672/wk (scale5)",672,weekly,scale5,47,"ATO STSL 2026-27 Excel sample data"
"STSL $672/wk (scale6)",672,weekly,scale6,47,"ATO STSL 2026-27 Excel sample data"
"STSL $673/wk (scale1)",673,weekly,scale1,143,"ATO STSL 2026-27 Excel sample data"
"STSL $673/wk (scale2)",673,weekly,scale2,60,"ATO STSL 2026-27 Excel sample data"
"STSL $673/wk (scale3)",673,weekly,scale3,202,"ATO STSL 2026-27 Excel sample data"
"STSL $673/wk (scale5)",673,weekly,scale5,47,"ATO STSL 2026-27 Excel sample data"
"STSL $673/wk (scale6)",673,weekly,scale6,47,"ATO STSL 2026-27 Excel sample data"
"STSL $720/wk (scale1)",720,weekly,scale1,158,"ATO STSL 2026-27 Excel sample data"
"STSL $720/wk (scale2)",720,weekly,scale2,68,"ATO STSL 2026-27 Excel sample data"
"STSL $720/wk (scale3)",720,weekly,scale3,216,"ATO STSL 2026-27 Excel sample data"
"STSL $720/wk (scale5)",720,weekly,scale5,54,"ATO STSL 2026-27 Excel sample data"
"STSL $720/wk (scale6)",720,weekly,scale6,54,"ATO STSL 2026-27 Excel sample data"
"STSL $721/wk (scale1)",721,weekly,scale1,159,"ATO STSL 2026-27 Excel sample data"
"STSL $721/wk (scale2)",721,weekly,scale2,68,"ATO STSL 2026-27 Excel sample data"
"STSL $721/wk (scale3)",721,weekly,scale3,216,"ATO STSL 2026-27 Excel sample data"
"STSL $721/wk (scale5)",721,weekly,scale5,54,"ATO STSL 2026-27 Excel sample data"
"STSL $721/wk (scale6)",721,weekly,scale6,54,"ATO STSL 2026-27 Excel sample data"
"STSL $864/wk (scale1)",864,weekly,scale1,205,"ATO STSL 2026-27 Excel sample data"
"STSL $864/wk (scale2)",864,weekly,scale2,94,"ATO STSL 2026-27 Excel sample data"
"STSL $864/wk (scale3)",864,weekly,scale3,259,"ATO STSL 2026-27 Excel sample data"
"STSL $864/wk (scale5)",864,weekly,scale5,77,"ATO STSL 2026-27 Excel sample data"
"STSL $864/wk (scale6)",864,weekly,scale6,77,"ATO STSL 2026-27 Excel sample data"
"STSL $865/wk (scale1)",865,weekly,scale1,205,"ATO STSL 2026-27 Excel sample data"
"STSL $865/wk (scale2)",865,weekly,scale2,94,"ATO STSL 2026-27 Excel sample data"
"STSL $865/wk (scale3)",865,weekly,scale3,259,"ATO STSL 2026-27 Excel sample data"
"STSL $865/wk (scale5)",865,weekly,scale5,77,"ATO STSL 2026-27 Excel sample data"
"STSL $865/wk (scale6)",865,weekly,scale6,77,"ATO STSL 2026-27 Excel sample data"
"STSL $908/wk (scale1)",908,weekly,scale1,219,"ATO STSL 2026-27 Excel sample data"
"STSL $908/wk (scale2)",908,weekly,scale2,108,"ATO STSL 2026-27 Excel sample data"
"STSL $908/wk (scale3)",908,weekly,scale3,272,"ATO STSL 2026-27 Excel sample data"
"STSL $908/wk (scale5)",908,weekly,scale5,90,"ATO STSL 2026-27 Excel sample data"
"STSL $908/wk (scale6)",908,weekly,scale6,90,"ATO STSL 2026-27 Excel sample data"
"STSL $909/wk (scale1)",909,weekly,scale1,219,"ATO STSL 2026-27 Excel sample data"
"STSL $909/wk (scale2)",909,weekly,scale2,108,"ATO STSL 2026-27 Excel sample data"
"STSL $909/wk (scale3)",909,weekly,scale3,273,"ATO STSL 2026-27 Excel sample data"
"STSL $909/wk (scale5)",909,weekly,scale5,90,"ATO STSL 2026-27 Excel sample data"
"STSL $909/wk (scale6)",909,weekly,scale6,90,"ATO STSL 2026-27 Excel sample data"
"STSL $931/wk (scale1)",931,weekly,scale1,227,"ATO STSL 2026-27 Excel sample data"
"STSL $931/wk (scale2)",931,weekly,scale2,116,"ATO STSL 2026-27 Excel sample data"
"STSL $931/wk (scale3)",931,weekly,scale3,279,"ATO STSL 2026-27 Excel sample data"
"STSL $931/wk (scale5)",931,weekly,scale5,97,"ATO STSL 2026-27 Excel sample data"
"STSL $931/wk (scale6)",931,weekly,scale6,98,"ATO STSL 2026-27 Excel sample data"
"STSL $932/wk (scale1)",932,weekly,scale1,227,"ATO STSL 2026-27 Excel sample data"
"STSL $932/wk (scale2)",932,weekly,scale2,116,"ATO STSL 2026-27 Excel sample data"
"STSL $932/wk (scale3)",932,weekly,scale3,280,"ATO STSL 2026-27 Excel sample data"
"STSL $932/wk (scale5)",932,weekly,scale5,97,"ATO STSL 2026-27 Excel sample data"
"STSL $932/wk (scale6)",932,weekly,scale6,98,"ATO STSL 2026-27 Excel sample data"
"STSL $986/wk (scale1)",986,weekly,scale1,244,"ATO STSL 2026-27 Excel sample data"
"STSL $986/wk (scale2)",986,weekly,scale2,133,"ATO STSL 2026-27 Excel sample data"
"STSL $986/wk (scale3)",986,weekly,scale3,296,"ATO STSL 2026-27 Excel sample data"
"STSL $986/wk (scale5)",986,weekly,scale5,114,"ATO STSL 2026-27 Excel sample data"
"STSL $986/wk (scale6)",986,weekly,scale6,117,"ATO STSL 2026-27 Excel sample data"
"STSL $987/wk (scale1)",987,weekly,scale1,245,"ATO STSL 2026-27 Excel sample data"
"STSL $987/wk (scale2)",987,weekly,scale2,134,"ATO STSL 2026-27 Excel sample data"
"STSL $987/wk (scale3)",987,weekly,scale3,296,"ATO STSL 2026-27 Excel sample data"
"STSL $987/wk (scale5)",987,weekly,scale5,114,"ATO STSL 2026-27 Excel sample data"
"STSL $987/wk (scale6)",987,weekly,scale6,118,"ATO STSL 2026-27 Excel sample data"
"STSL $1134/wk (scale1)",1134,weekly,scale1,314,"ATO STSL 2026-27 Excel sample data"
"STSL $1134/wk (scale2)",1134,weekly,scale2,181,"ATO STSL 2026-27 Excel sample data"
"STSL $1134/wk (scale3)",1134,weekly,scale3,340,"ATO STSL 2026-27 Excel sample data"
"STSL $1134/wk (scale5)",1134,weekly,scale5,158,"ATO STSL 2026-27 Excel sample data"
"STSL $1134/wk (scale6)",1134,weekly,scale6,170,"ATO STSL 2026-27 Excel sample data"
"STSL $1135/wk (scale1)",1135,weekly,scale1,314,"ATO STSL 2026-27 Excel sample data"
"STSL $1135/wk (scale2)",1135,weekly,scale2,181,"ATO STSL 2026-27 Excel sample data"
"STSL $1135/wk (scale3)",1135,weekly,scale3,340,"ATO STSL 2026-27 Excel sample data"
"STSL $1135/wk (scale5)",1135,weekly,scale5,159,"ATO STSL 2026-27 Excel sample data"
"STSL $1135/wk (scale6)",1135,weekly,scale6,170,"ATO STSL 2026-27 Excel sample data"
"STSL $1281/wk (scale1)",1281,weekly,scale1,383,"ATO STSL 2026-27 Excel sample data"
"STSL $1281/wk (scale2)",1281,weekly,scale2,229,"ATO STSL 2026-27 Excel sample data"
"STSL $1281/wk (scale3)",1281,weekly,scale3,384,"ATO STSL 2026-27 Excel sample data"
"STSL $1281/wk (scale5)",1281,weekly,scale5,203,"ATO STSL 2026-27 Excel sample data"
"STSL $1281/wk (scale6)",1281,weekly,scale6,216,"ATO STSL 2026-27 Excel sample data"
"STSL $1282/wk (scale1)",1282,weekly,scale1,383,"ATO STSL 2026-27 Excel sample data"
"STSL $1282/wk (scale2)",1282,weekly,scale2,229,"ATO STSL 2026-27 Excel sample data"
"STSL $1282/wk (scale3)",1282,weekly,scale3,385,"ATO STSL 2026-27 Excel sample data"
"STSL $1282/wk (scale5)",1282,weekly,scale5,203,"ATO STSL 2026-27 Excel sample data"
"STSL $1282/wk (scale6)",1282,weekly,scale6,216,"ATO STSL 2026-27 Excel sample data"
"STSL $1336/wk (scale1)",1336,weekly,scale1,409,"ATO STSL 2026-27 Excel sample data"
"STSL $1336/wk (scale2)",1336,weekly,scale2,246,"ATO STSL 2026-27 Excel sample data"
"STSL $1336/wk (scale3)",1336,weekly,scale3,401,"ATO STSL 2026-27 Excel sample data"
"STSL $1336/wk (scale5)",1336,weekly,scale5,219,"ATO STSL 2026-27 Excel sample data"
"STSL $1336/wk (scale6)",1336,weekly,scale6,233,"ATO STSL 2026-27 Excel sample data"
"STSL $1337/wk (scale1)",1337,weekly,scale1,409,"ATO STSL 2026-27 Excel sample data"
"STSL $1337/wk (scale2)",1337,weekly,scale2,247,"ATO STSL 2026-27 Excel sample data"
"STSL $1337/wk (scale3)",1337,weekly,scale3,402,"ATO STSL 2026-27 Excel sample data"
"STSL $1337/wk (scale5)",1337,weekly,scale5,220,"ATO STSL 2026-27 Excel sample data"
"STSL $1337/wk (scale6)",1337,weekly,scale6,233,"ATO STSL 2026-27 Excel sample data"
"STSL $1844/wk (scale1)",1844,weekly,scale1,647,"ATO STSL 2026-27 Excel sample data"
"STSL $1844/wk (scale2)",1844,weekly,scale2,485,"ATO STSL 2026-27 Excel sample data"
"STSL $1844/wk (scale3)",1844,weekly,scale3,630,"ATO STSL 2026-27 Excel sample data"
"STSL $1844/wk (scale5)",1844,weekly,scale5,448,"ATO STSL 2026-27 Excel sample data"
"STSL $1844/wk (scale6)",1844,weekly,scale6,466,"ATO STSL 2026-27 Excel sample data"
"STSL $1845/wk (scale1)",1845,weekly,scale1,648,"ATO STSL 2026-27 Excel sample data"
"STSL $1845/wk (scale2)",1845,weekly,scale2,485,"ATO STSL 2026-27 Excel sample data"
"STSL $1845/wk (scale3)",1845,weekly,scale3,630,"ATO STSL 2026-27 Excel sample data"
"STSL $1845/wk (scale5)",1845,weekly,scale5,448,"ATO STSL 2026-27 Excel sample data"
"STSL $1845/wk (scale6)",1845,weekly,scale6,467,"ATO STSL 2026-27 Excel sample data"
"STSL $2119/wk (scale1)",2119,weekly,scale1,777,"ATO STSL 2026-27 Excel sample data"
"STSL $2119/wk (scale2)",2119,weekly,scale2,614,"ATO STSL 2026-27 Excel sample data"
"STSL $2119/wk (scale3)",2119,weekly,scale3,753,"ATO STSL 2026-27 Excel sample data"
"STSL $2119/wk (scale5)",2119,weekly,scale5,572,"ATO STSL 2026-27 Excel sample data"
"STSL $2119/wk (scale6)",2119,weekly,scale6,593,"ATO STSL 2026-27 Excel sample data"
"STSL $2120/wk (scale1)",2120,weekly,scale1,777,"ATO STSL 2026-27 Excel sample data"
"STSL $2120/wk (scale2)",2120,weekly,scale2,615,"ATO STSL 2026-27 Excel sample data"
"STSL $2120/wk (scale3)",2120,weekly,scale3,754,"ATO STSL 2026-27 Excel sample data"
"STSL $2120/wk (scale5)",2120,weekly,scale5,572,"ATO STSL 2026-27 Excel sample data"
"STSL $2120/wk (scale6)",2120,weekly,scale6,593,"ATO STSL 2026-27 Excel sample data"
"STSL $2143/wk (scale1)",2143,weekly,scale1,788,"ATO STSL 2026-27 Excel sample data"
"STSL $2143/wk (scale2)",2143,weekly,scale2,625,"ATO STSL 2026-27 Excel sample data"
"STSL $2143/wk (scale3)",2143,weekly,scale3,764,"ATO STSL 2026-27 Excel sample data"
"STSL $2143/wk (scale5)",2143,weekly,scale5,583,"ATO STSL 2026-27 Excel sample data"
"STSL $2143/wk (scale6)",2143,weekly,scale6,604,"ATO STSL 2026-27 Excel sample data"
"STSL $2144/wk (scale1)",2144,weekly,scale1,788,"ATO STSL 2026-27 Excel sample data"
"STSL $2144/wk (scale2)",2144,weekly,scale2,626,"ATO STSL 2026-27 Excel sample data"
"STSL $2144/wk (scale3)",2144,weekly,scale3,765,"ATO STSL 2026-27 Excel sample data"
"STSL $2144/wk (scale5)",2144,weekly,scale5,583,"ATO STSL 2026-27 Excel sample data"
"STSL $2144/wk (scale6)",2144,weekly,scale6,604,"ATO STSL 2026-27 Excel sample data"
"STSL $2245/wk (scale1)",2245,weekly,scale1,838,"ATO STSL 2026-27 Excel sample data"
"STSL $2245/wk (scale2)",2245,weekly,scale2,673,"ATO STSL 2026-27 Excel sample data"
"STSL $2245/wk (scale3)",2245,weekly,scale3,810,"ATO STSL 2026-27 Excel sample data"
"STSL $2245/wk (scale5)",2245,weekly,scale5,628,"ATO STSL 2026-27 Excel sample data"
"STSL $2245/wk (scale6)",2245,weekly,scale6,651,"ATO STSL 2026-27 Excel sample data"
"STSL $2246/wk (scale1)",2246,weekly,scale1,838,"ATO STSL 2026-27 Excel sample data"
"STSL $2246/wk (scale2)",2246,weekly,scale2,674,"ATO STSL 2026-27 Excel sample data"
"STSL $2246/wk (scale3)",2246,weekly,scale3,811,"ATO STSL 2026-27 Excel sample data"
"STSL $2246/wk (scale5)",2246,weekly,scale5,629,"ATO STSL 2026-27 Excel sample data"
"STSL $2246/wk (scale6)",2246,weekly,scale6,651,"ATO STSL 2026-27 Excel sample data"
"STSL $2491/wk (scale1)",2491,weekly,scale1,976,"ATO STSL 2026-27 Excel sample data"
"STSL $2491/wk (scale2)",2491,weekly,scale2,789,"ATO STSL 2026-27 Excel sample data"
"STSL $2491/wk (scale3)",2491,weekly,scale3,921,"ATO STSL 2026-27 Excel sample data"
"STSL $2491/wk (scale5)",2491,weekly,scale5,739,"ATO STSL 2026-27 Excel sample data"
"STSL $2491/wk (scale6)",2491,weekly,scale6,764,"ATO STSL 2026-27 Excel sample data"
"STSL $2493/wk (scale1)",2493,weekly,scale1,977,"ATO STSL 2026-27 Excel sample data"
"STSL $2493/wk (scale2)",2493,weekly,scale2,790,"ATO STSL 2026-27 Excel sample data"
"STSL $2493/wk (scale3)",2493,weekly,scale3,922,"ATO STSL 2026-27 Excel sample data"
"STSL $2493/wk (scale5)",2493,weekly,scale5,740,"ATO STSL 2026-27 Excel sample data"
"STSL $2493/wk (scale6)",2493,weekly,scale6,765,"ATO STSL 2026-27 Excel sample data"
"STSL $2494/wk (scale1)",2494,weekly,scale1,977,"ATO STSL 2026-27 Excel sample data"
"STSL $2494/wk (scale2)",2494,weekly,scale2,790,"ATO STSL 2026-27 Excel sample data"
"STSL $2494/wk (scale3)",2494,weekly,scale3,922,"ATO STSL 2026-27 Excel sample data"
"STSL $2494/wk (scale5)",2494,weekly,scale5,740,"ATO STSL 2026-27 Excel sample data"
"STSL $2494/wk (scale6)",2494,weekly,scale6,765,"ATO STSL 2026-27 Excel sample data"
"STSL $2595/wk (scale1)",2595,weekly,scale1,1034,"ATO STSL 2026-27 Excel sample data"
"STSL $2595/wk (scale2)",2595,weekly,scale2,840,"ATO STSL 2026-27 Excel sample data"
"STSL $2595/wk (scale3)",2595,weekly,scale3,970,"ATO STSL 2026-27 Excel sample data"
"STSL $2595/wk (scale5)",2595,weekly,scale5,788,"ATO STSL 2026-27 Excel sample data"
"STSL $2595/wk (scale6)",2595,weekly,scale6,814,"ATO STSL 2026-27 Excel sample data"
"STSL $2596/wk (scale1)",2596,weekly,scale1,1034,"ATO STSL 2026-27 Excel sample data"
"STSL $2596/wk (scale2)",2596,weekly,scale2,840,"ATO STSL 2026-27 Excel sample data"
"STSL $2596/wk (scale3)",2596,weekly,scale3,970,"ATO STSL 2026-27 Excel sample data"
"STSL $2596/wk (scale5)",2596,weekly,scale5,788,"ATO STSL 2026-27 Excel sample data"
"STSL $2596/wk (scale6)",2596,weekly,scale6,814,"ATO STSL 2026-27 Excel sample data"
"STSL $2598/wk (scale1)",2598,weekly,scale1,1036,"ATO STSL 2026-27 Excel sample data"
"STSL $2598/wk (scale2)",2598,weekly,scale2,842,"ATO STSL 2026-27 Excel sample data"
"STSL $2598/wk (scale3)",2598,weekly,scale3,971,"ATO STSL 2026-27 Excel sample data"
"STSL $2598/wk (scale5)",2598,weekly,scale5,790,"ATO STSL 2026-27 Excel sample data"
"STSL $2598/wk (scale6)",2598,weekly,scale6,816,"ATO STSL 2026-27 Excel sample data"
"STSL $2652/wk (scale1)",2652,weekly,scale1,1066,"ATO STSL 2026-27 Excel sample data"
"STSL $2652/wk (scale2)",2652,weekly,scale2,872,"ATO STSL 2026-27 Excel sample data"
"STSL $2652/wk (scale3)",2652,weekly,scale3,1000,"ATO STSL 2026-27 Excel sample data"
"STSL $2652/wk (scale5)",2652,weekly,scale5,819,"ATO STSL 2026-27 Excel sample data"
"STSL $2652/wk (scale6)",2652,weekly,scale6,845,"ATO STSL 2026-27 Excel sample data"
"STSL $2653/wk (scale1)",2653,weekly,scale1,1066,"ATO STSL 2026-27 Excel sample data"
"STSL $2653/wk (scale2)",2653,weekly,scale2,872,"ATO STSL 2026-27 Excel sample data"
"STSL $2653/wk (scale3)",2653,weekly,scale3,1001,"ATO STSL 2026-27 Excel sample data"
"STSL $2653/wk (scale5)",2653,weekly,scale5,819,"ATO STSL 2026-27 Excel sample data"
"STSL $2653/wk (scale6)",2653,weekly,scale6,846,"ATO STSL 2026-27 Excel sample data"
"STSL $2727/wk (scale1)",2727,weekly,scale1,1108,"ATO STSL 2026-27 Excel sample data"
"STSL $2727/wk (scale2)",2727,weekly,scale2,914,"ATO STSL 2026-27 Excel sample data"
"STSL $2727/wk (scale3)",2727,weekly,scale3,1041,"ATO STSL 2026-27 Excel sample data"
"STSL $2727/wk (scale5)",2727,weekly,scale5,859,"ATO STSL 2026-27 Excel sample data"
"STSL $2727/wk (scale6)",2727,weekly,scale6,886,"ATO STSL 2026-27 Excel sample data"
"STSL $2728/wk (scale1)",2728,weekly,scale1,1108,"ATO STSL 2026-27 Excel sample data"
"STSL $2728/wk (scale2)",2728,weekly,scale2,914,"ATO STSL 2026-27 Excel sample data"
"STSL $2728/wk (scale3)",2728,weekly,scale3,1041,"ATO STSL 2026-27 Excel sample data"
"STSL $2728/wk (scale5)",2728,weekly,scale5,860,"ATO STSL 2026-27 Excel sample data"
"STSL $2728/wk (scale6)",2728,weekly,scale6,887,"ATO STSL 2026-27 Excel sample data"
"STSL $2737/wk (scale1)",2737,weekly,scale1,1113,"ATO STSL 2026-27 Excel sample data"
"STSL $2737/wk (scale2)",2737,weekly,scale2,919,"ATO STSL 2026-27 Excel sample data"
"STSL $2737/wk (scale3)",2737,weekly,scale3,1046,"ATO STSL 2026-27 Excel sample data"
"STSL $2737/wk (scale5)",2737,weekly,scale5,865,"ATO STSL 2026-27 Excel sample data"
"STSL $2737/wk (scale6)",2737,weekly,scale6,892,"ATO STSL 2026-27 Excel sample data"
"STSL $2898/wk (scale1)",2898,weekly,scale1,1192,"ATO STSL 2026-27 Excel sample data"
"STSL $2898/wk (scale2)",2898,weekly,scale2,1010,"ATO STSL 2026-27 Excel sample data"
"STSL $2898/wk (scale3)",2898,weekly,scale3,1133,"ATO STSL 2026-27 Excel sample data"
"STSL $2898/wk (scale5)",2898,weekly,scale5,952,"ATO STSL 2026-27 Excel sample data"
"STSL $2898/wk (scale6)",2898,weekly,scale6,981,"ATO STSL 2026-27 Excel sample data"
"STSL $2899/wk (scale1)",2899,weekly,scale1,1192,"ATO STSL 2026-27 Excel sample data"
"STSL $2899/wk (scale2)",2899,weekly,scale2,1010,"ATO STSL 2026-27 Excel sample data"
"STSL $2899/wk (scale3)",2899,weekly,scale3,1134,"ATO STSL 2026-27 Excel sample data"
"STSL $2899/wk (scale5)",2899,weekly,scale5,952,"ATO STSL 2026-27 Excel sample data"
"STSL $2899/wk (scale6)",2899,weekly,scale6,981,"ATO STSL 2026-27 Excel sample data"
"STSL $3302/wk (scale1)",3302,weekly,scale1,1390,"ATO STSL 2026-27 Excel sample data"
"STSL $3302/wk (scale2)",3302,weekly,scale2,1236,"ATO STSL 2026-27 Excel sample data"
"STSL $3302/wk (scale3)",3302,weekly,scale3,1351,"ATO STSL 2026-27 Excel sample data"
"STSL $3302/wk (scale5)",3302,weekly,scale5,1170,"ATO STSL 2026-27 Excel sample data"
"STSL $3302/wk (scale6)",3302,weekly,scale6,1203,"ATO STSL 2026-27 Excel sample data"
"STSL $3303/wk (scale1)",3303,weekly,scale1,1390,"ATO STSL 2026-27 Excel sample data"
"STSL $3303/wk (scale2)",3303,weekly,scale2,1236,"ATO STSL 2026-27 Excel sample data"
"STSL $3303/wk (scale3)",3303,weekly,scale3,1352,"ATO STSL 2026-27 Excel sample data"
"STSL $3303/wk (scale5)",3303,weekly,scale5,1170,"ATO STSL 2026-27 Excel sample data"
"STSL $3303/wk (scale6)",3303,weekly,scale6,1203,"ATO STSL 2026-27 Excel sample data"
"STSL $3576/wk (scale1)",3576,weekly,scale1,1546,"ATO STSL 2026-27 Excel sample data"
"STSL $3576/wk (scale2)",3576,weekly,scale2,1389,"ATO STSL 2026-27 Excel sample data"
"STSL $3576/wk (scale3)",3576,weekly,scale3,1499,"ATO STSL 2026-27 Excel sample data"
"STSL $3576/wk (scale5)",3576,weekly,scale5,1318,"ATO STSL 2026-27 Excel sample data"
"STSL $3576/wk (scale6)",3576,weekly,scale6,1353,"ATO STSL 2026-27 Excel sample data"
"STSL $3577/wk (scale1)",3577,weekly,scale1,1546,"ATO STSL 2026-27 Excel sample data"
"STSL $3577/wk (scale2)",3577,weekly,scale2,1390,"ATO STSL 2026-27 Excel sample data"
"STSL $3577/wk (scale3)",3577,weekly,scale3,1500,"ATO STSL 2026-27 Excel sample data"
"STSL $3577/wk (scale5)",3577,weekly,scale5,1318,"ATO STSL 2026-27 Excel sample data"
"STSL $3577/wk (scale6)",3577,weekly,scale6,1354,"ATO STSL 2026-27 Excel sample data"
"STSL $3652/wk (scale1)",3652,weekly,scale1,1589,"ATO STSL 2026-27 Excel sample data"
"STSL $3652/wk (scale2)",3652,weekly,scale2,1427,"ATO STSL 2026-27 Excel sample data"
"STSL $3652/wk (scale3)",3652,weekly,scale3,1535,"ATO STSL 2026-27 Excel sample data"
"STSL $3652/wk (scale5)",3652,weekly,scale5,1353,"ATO STSL 2026-27 Excel sample data"
"STSL $3652/wk (scale6)",3652,weekly,scale6,1390,"ATO STSL 2026-27 Excel sample data"
"STSL $3653/wk (scale1)",3653,weekly,scale1,1590,"ATO STSL 2026-27 Excel sample data"
"STSL $3653/wk (scale2)",3653,weekly,scale2,1427,"ATO STSL 2026-27 Excel sample data"
"STSL $3653/wk (scale3)",3653,weekly,scale3,1536,"ATO STSL 2026-27 Excel sample data"
"STSL $3653/wk (scale5)",3653,weekly,scale5,1354,"ATO STSL 2026-27 Excel sample data"
"STSL $3653/wk (scale6)",3653,weekly,scale6,1390,"ATO STSL 2026-27 Excel sample data"
"STSL $232/fn (scale1)",232,fortnightly,scale1,34,"ATO STSL 2026-27 Excel sample data"
"STSL $232/fn (scale2)",232,fortnightly,scale2,0,"ATO STSL 2026-27 Excel sample data"
"STSL $232/fn (scale3)",232,fortnightly,scale3,70,"ATO STSL 2026-27 Excel sample data"
"STSL $232/fn (scale5)",232,fortnightly,scale5,0,"ATO STSL 2026-27 Excel sample data"
"STSL $232/fn (scale6)",232,fortnightly,scale6,0,"ATO STSL 2026-27 Excel sample data"
"STSL $234/fn (scale1)",234,fortnightly,scale1,36,"ATO STSL 2026-27 Excel sample data"
"STSL $234/fn (scale2)",234,fortnightly,scale2,0,"ATO STSL 2026-27 Excel sample data"
"STSL $234/fn (scale3)",234,fortnightly,scale3,70,"ATO STSL 2026-27 Excel sample data"
"STSL $234/fn (scale5)",234,fortnightly,scale5,0,"ATO STSL 2026-27 Excel sample data"
"STSL $234/fn (scale6)",234,fortnightly,scale6,0,"ATO STSL 2026-27 Excel sample data"
"STSL $374/fn (scale1)",374,fortnightly,scale1,56,"ATO STSL 2026-27 Excel sample data"
"STSL $374/fn (scale2)",374,fortnightly,scale2,0,"ATO STSL 2026-27 Excel sample data"
"STSL $374/fn (scale3)",374,fortnightly,scale3,112,"ATO STSL 2026-27 Excel sample data"
"STSL $374/fn (scale5)",374,fortnightly,scale5,0,"ATO STSL 2026-27 Excel sample data"
"STSL $374/fn (scale6)",374,fortnightly,scale6,0,"ATO STSL 2026-27 Excel sample data"
"STSL $376/fn (scale1)",376,fortnightly,scale1,56,"ATO STSL 2026-27 Excel sample data"
"STSL $376/fn (scale2)",376,fortnightly,scale2,0,"ATO STSL 2026-27 Excel sample data"
"STSL $376/fn (scale3)",376,fortnightly,scale3,112,"ATO STSL 2026-27 Excel sample data"
"STSL $376/fn (scale5)",376,fortnightly,scale5,0,"ATO STSL 2026-27 Excel sample data"
"STSL $376/fn (scale6)",376,fortnightly,scale6,0,"ATO STSL 2026-27 Excel sample data"
"STSL $498/fn (scale1)",498,fortnightly,scale1,82,"ATO STSL 2026-27 Excel sample data"
"STSL $498/fn (scale2)",498,fortnightly,scale2,0,"ATO STSL 2026-27 Excel sample data"
"STSL $498/fn (scale3)",498,fortnightly,scale3,150,"ATO STSL 2026-27 Excel sample data"
"STSL $498/fn (scale5)",498,fortnightly,scale5,0,"ATO STSL 2026-27 Excel sample data"
"STSL $498/fn (scale6)",498,fortnightly,scale6,0,"ATO STSL 2026-27 Excel sample data"
"STSL $500/fn (scale1)",500,fortnightly,scale1,82,"ATO STSL 2026-27 Excel sample data"
"STSL $500/fn (scale2)",500,fortnightly,scale2,0,"ATO STSL 2026-27 Excel sample data"
"STSL $500/fn (scale3)",500,fortnightly,scale3,150,"ATO STSL 2026-27 Excel sample data"
"STSL $500/fn (scale5)",500,fortnightly,scale5,0,"ATO STSL 2026-27 Excel sample data"
"STSL $500/fn (scale6)",500,fortnightly,scale6,0,"ATO STSL 2026-27 Excel sample data"
"STSL $722/fn (scale1)",722,fortnightly,scale1,128,"ATO STSL 2026-27 Excel sample data"
"STSL $722/fn (scale2)",722,fortnightly,scale2,0,"ATO STSL 2026-27 Excel sample data"
"STSL $722/fn (scale3)",722,fortnightly,scale3,216,"ATO STSL 2026-27 Excel sample data"
"STSL $722/fn (scale5)",722,fortnightly,scale5,0,"ATO STSL 2026-27 Excel sample data"
"STSL $722/fn (scale6)",722,fortnightly,scale6,0,"ATO STSL 2026-27 Excel sample data"
"STSL $724/fn (scale1)",724,fortnightly,scale1,130,"ATO STSL 2026-27 Excel sample data"
"STSL $724/fn (scale2)",724,fortnightly,scale2,0,"ATO STSL 2026-27 Excel sample data"
"STSL $724/fn (scale3)",724,fortnightly,scale3,218,"ATO STSL 2026-27 Excel sample data"
"STSL $724/fn (scale5)",724,fortnightly,scale5,0,"ATO STSL 2026-27 Excel sample data"
"STSL $724/fn (scale6)",724,fortnightly,scale6,0,"ATO STSL 2026-27 Excel sample data"
"STSL $740/fn (scale1)",740,fortnightly,scale1,132,"ATO STSL 2026-27 Excel sample data"
"STSL $740/fn (scale2)",740,fortnightly,scale2,2,"ATO STSL 2026-27 Excel sample data"
"STSL $740/fn (scale3)",740,fortnightly,scale3,222,"ATO STSL 2026-27 Excel sample data"
"STSL $740/fn (scale5)",740,fortnightly,scale5,2,"ATO STSL 2026-27 Excel sample data"
"STSL $740/fn (scale6)",740,fortnightly,scale6,2,"ATO STSL 2026-27 Excel sample data"
"STSL $742/fn (scale1)",742,fortnightly,scale1,132,"ATO STSL 2026-27 Excel sample data"
"STSL $742/fn (scale2)",742,fortnightly,scale2,2,"ATO STSL 2026-27 Excel sample data"
"STSL $742/fn (scale3)",742,fortnightly,scale3,222,"ATO STSL 2026-27 Excel sample data"
"STSL $742/fn (scale5)",742,fortnightly,scale5,2,"ATO STSL 2026-27 Excel sample data"
"STSL $742/fn (scale6)",742,fortnightly,scale6,2,"ATO STSL 2026-27 Excel sample data"
"STSL $1028/fn (scale1)",1028,fortnightly,scale1,184,"ATO STSL 2026-27 Excel sample data"
"STSL $1028/fn (scale2)",1028,fortnightly,scale2,46,"ATO STSL 2026-27 Excel sample data"
"STSL $1028/fn (scale3)",1028,fortnightly,scale3,308,"ATO STSL 2026-27 Excel sample data"
"STSL $1028/fn (scale5)",1028,fortnightly,scale5,46,"ATO STSL 2026-27 Excel sample data"
"STSL $1028/fn (scale6)",1028,fortnightly,scale6,46,"ATO STSL 2026-27 Excel sample data"
"STSL $1030/fn (scale1)",1030,fortnightly,scale1,184,"ATO STSL 2026-27 Excel sample data"
"STSL $1030/fn (scale2)",1030,fortnightly,scale2,46,"ATO STSL 2026-27 Excel sample data"
"STSL $1030/fn (scale3)",1030,fortnightly,scale3,308,"ATO STSL 2026-27 Excel sample data"
"STSL $1030/fn (scale5)",1030,fortnightly,scale5,46,"ATO STSL 2026-27 Excel sample data"
"STSL $1030/fn (scale6)",1030,fortnightly,scale6,46,"ATO STSL 2026-27 Excel sample data"
"STSL $1074/fn (scale1)",1074,fortnightly,scale1,198,"ATO STSL 2026-27 Excel sample data"
"STSL $1074/fn (scale2)",1074,fortnightly,scale2,52,"ATO STSL 2026-27 Excel sample data"
"STSL $1074/fn (scale3)",1074,fortnightly,scale3,322,"ATO STSL 2026-27 Excel sample data"
"STSL $1074/fn (scale5)",1074,fortnightly,scale5,52,"ATO STSL 2026-27 Excel sample data"
"STSL $1074/fn (scale6)",1074,fortnightly,scale6,52,"ATO STSL 2026-27 Excel sample data"
"STSL $1076/fn (scale1)",1076,fortnightly,scale1,200,"ATO STSL 2026-27 Excel sample data"
"STSL $1076/fn (scale2)",1076,fortnightly,scale2,54,"ATO STSL 2026-27 Excel sample data"
"STSL $1076/fn (scale3)",1076,fortnightly,scale3,322,"ATO STSL 2026-27 Excel sample data"
"STSL $1076/fn (scale5)",1076,fortnightly,scale5,54,"ATO STSL 2026-27 Excel sample data"
"STSL $1076/fn (scale6)",1076,fortnightly,scale6,54,"ATO STSL 2026-27 Excel sample data"
"STSL $1344/fn (scale1)",1344,fortnightly,scale1,286,"ATO STSL 2026-27 Excel sample data"
"STSL $1344/fn (scale2)",1344,fortnightly,scale2,120,"ATO STSL 2026-27 Excel sample data"
"STSL $1344/fn (scale3)",1344,fortnightly,scale3,404,"ATO STSL 2026-27 Excel sample data"
"STSL $1344/fn (scale5)",1344,fortnightly,scale5,94,"ATO STSL 2026-27 Excel sample data"
"STSL $1344/fn (scale6)",1344,fortnightly,scale6,94,"ATO STSL 2026-27 Excel sample data"
"STSL $1346/fn (scale1)",1346,fortnightly,scale1,286,"ATO STSL 2026-27 Excel sample data"
"STSL $1346/fn (scale2)",1346,fortnightly,scale2,120,"ATO STSL 2026-27 Excel sample data"
"STSL $1346/fn (scale3)",1346,fortnightly,scale3,404,"ATO STSL 2026-27 Excel sample data"
"STSL $1346/fn (scale5)",1346,fortnightly,scale5,94,"ATO STSL 2026-27 Excel sample data"
"STSL $1346/fn (scale6)",1346,fortnightly,scale6,94,"ATO STSL 2026-27 Excel sample data"
"STSL $1440/fn (scale1)",1440,fortnightly,scale1,316,"ATO STSL 2026-27 Excel sample data"
"STSL $1440/fn (scale2)",1440,fortnightly,scale2,136,"ATO STSL 2026-27 Excel sample data"
"STSL $1440/fn (scale3)",1440,fortnightly,scale3,432,"ATO STSL 2026-27 Excel sample data"
"STSL $1440/fn (scale5)",1440,fortnightly,scale5,108,"ATO STSL 2026-27 Excel sample data"
"STSL $1440/fn (scale6)",1440,fortnightly,scale6,108,"ATO STSL 2026-27 Excel sample data"
"STSL $1442/fn (scale1)",1442,fortnightly,scale1,318,"ATO STSL 2026-27 Excel sample data"
"STSL $1442/fn (scale2)",1442,fortnightly,scale2,136,"ATO STSL 2026-27 Excel sample data"
"STSL $1442/fn (scale3)",1442,fortnightly,scale3,432,"ATO STSL 2026-27 Excel sample data"
"STSL $1442/fn (scale5)",1442,fortnightly,scale5,108,"ATO STSL 2026-27 Excel sample data"
"STSL $1442/fn (scale6)",1442,fortnightly,scale6,108,"ATO STSL 2026-27 Excel sample data"
"STSL $1728/fn (scale1)",1728,fortnightly,scale1,410,"ATO STSL 2026-27 Excel sample data"
"STSL $1728/fn (scale2)",1728,fortnightly,scale2,188,"ATO STSL 2026-27 Excel sample data"
"STSL $1728/fn (scale3)",1728,fortnightly,scale3,518,"ATO STSL 2026-27 Excel sample data"
"STSL $1728/fn (scale5)",1728,fortnightly,scale5,154,"ATO STSL 2026-27 Excel sample data"
"STSL $1728/fn (scale6)",1728,fortnightly,scale6,154,"ATO STSL 2026-27 Excel sample data"
"STSL $1730/fn (scale1)",1730,fortnightly,scale1,410,"ATO STSL 2026-27 Excel sample data"
"STSL $1730/fn (scale2)",1730,fortnightly,scale2,188,"ATO STSL 2026-27 Excel sample data"
"STSL $1730/fn (scale3)",1730,fortnightly,scale3,518,"ATO STSL 2026-27 Excel sample data"
"STSL $1730/fn (scale5)",1730,fortnightly,scale5,154,"ATO STSL 2026-27 Excel sample data"
"STSL $1730/fn (scale6)",1730,fortnightly,scale6,154,"ATO STSL 2026-27 Excel sample data"
"STSL $1816/fn (scale1)",1816,fortnightly,scale1,438,"ATO STSL 2026-27 Excel sample data"
"STSL $1816/fn (scale2)",1816,fortnightly,scale2,216,"ATO STSL 2026-27 Excel sample data"
"STSL $1816/fn (scale3)",1816,fortnightly,scale3,544,"ATO STSL 2026-27 Excel sample data"
"STSL $1816/fn (scale5)",1816,fortnightly,scale5,180,"ATO STSL 2026-27 Excel sample data"
"STSL $1816/fn (scale6)",1816,fortnightly,scale6,180,"ATO STSL 2026-27 Excel sample data"
"STSL $1818/fn (scale1)",1818,fortnightly,scale1,438,"ATO STSL 2026-27 Excel sample data"
"STSL $1818/fn (scale2)",1818,fortnightly,scale2,216,"ATO STSL 2026-27 Excel sample data"
"STSL $1818/fn (scale3)",1818,fortnightly,scale3,546,"ATO STSL 2026-27 Excel sample data"
"STSL $1818/fn (scale5)",1818,fortnightly,scale5,180,"ATO STSL 2026-27 Excel sample data"
"STSL $1818/fn (scale6)",1818,fortnightly,scale6,180,"ATO STSL 2026-27 Excel sample data"
"STSL $1862/fn (scale1)",1862,fortnightly,scale1,454,"ATO STSL 2026-27 Excel sample data"
"STSL $1862/fn (scale2)",1862,fortnightly,scale2,232,"ATO STSL 2026-27 Excel sample data"
"STSL $1862/fn (scale3)",1862,fortnightly,scale3,558,"ATO STSL 2026-27 Excel sample data"
"STSL $1862/fn (scale5)",1862,fortnightly,scale5,194,"ATO STSL 2026-27 Excel sample data"
"STSL $1862/fn (scale6)",1862,fortnightly,scale6,196,"ATO STSL 2026-27 Excel sample data"
"STSL $1864/fn (scale1)",1864,fortnightly,scale1,454,"ATO STSL 2026-27 Excel sample data"
"STSL $1864/fn (scale2)",1864,fortnightly,scale2,232,"ATO STSL 2026-27 Excel sample data"
"STSL $1864/fn (scale3)",1864,fortnightly,scale3,560,"ATO STSL 2026-27 Excel sample data"
"STSL $1864/fn (scale5)",1864,fortnightly,scale5,194,"ATO STSL 2026-27 Excel sample data"
"STSL $1864/fn (scale6)",1864,fortnightly,scale6,196,"ATO STSL 2026-27 Excel sample data"
"STSL $1972/fn (scale1)",1972,fortnightly,scale1,488,"ATO STSL 2026-27 Excel sample data"
"STSL $1972/fn (scale2)",1972,fortnightly,scale2,266,"ATO STSL 2026-27 Excel sample data"
"STSL $1972/fn (scale3)",1972,fortnightly,scale3,592,"ATO STSL 2026-27 Excel sample data"
"STSL $1972/fn (scale5)",1972,fortnightly,scale5,228,"ATO STSL 2026-27 Excel sample data"
"STSL $1972/fn (scale6)",1972,fortnightly,scale6,234,"ATO STSL 2026-27 Excel sample data"
"STSL $1974/fn (scale1)",1974,fortnightly,scale1,490,"ATO STSL 2026-27 Excel sample data"
"STSL $1974/fn (scale2)",1974,fortnightly,scale2,268,"ATO STSL 2026-27 Excel sample data"
"STSL $1974/fn (scale3)",1974,fortnightly,scale3,592,"ATO STSL 2026-27 Excel sample data"
"STSL $1974/fn (scale5)",1974,fortnightly,scale5,228,"ATO STSL 2026-27 Excel sample data"
"STSL $1974/fn (scale6)",1974,fortnightly,scale6,236,"ATO STSL 2026-27 Excel sample data"
"STSL $2268/fn (scale1)",2268,fortnightly,scale1,628,"ATO STSL 2026-27 Excel sample data"
"STSL $2268/fn (scale2)",2268,fortnightly,scale2,362,"ATO STSL 2026-27 Excel sample data"
"STSL $2268/fn (scale3)",2268,fortnightly,scale3,680,"ATO STSL 2026-27 Excel sample data"
"STSL $2268/fn (scale5)",2268,fortnightly,scale5,316,"ATO STSL 2026-27 Excel sample data"
"STSL $2268/fn (scale6)",2268,fortnightly,scale6,340,"ATO STSL 2026-27 Excel sample data"
"STSL $2270/fn (scale1)",2270,fortnightly,scale1,628,"ATO STSL 2026-27 Excel sample data"
"STSL $2270/fn (scale2)",2270,fortnightly,scale2,362,"ATO STSL 2026-27 Excel sample data"
"STSL $2270/fn (scale3)",2270,fortnightly,scale3,680,"ATO STSL 2026-27 Excel sample data"
"STSL $2270/fn (scale5)",2270,fortnightly,scale5,318,"ATO STSL 2026-27 Excel sample data"
"STSL $2270/fn (scale6)",2270,fortnightly,scale6,340,"ATO STSL 2026-27 Excel sample data"
"STSL $2562/fn (scale1)",2562,fortnightly,scale1,766,"ATO STSL 2026-27 Excel sample data"
"STSL $2562/fn (scale2)",2562,fortnightly,scale2,458,"ATO STSL 2026-27 Excel sample data"
"STSL $2562/fn (scale3)",2562,fortnightly,scale3,768,"ATO STSL 2026-27 Excel sample data"
"STSL $2562/fn (scale5)",2562,fortnightly,scale5,406,"ATO STSL 2026-27 Excel sample data"
"STSL $2562/fn (scale6)",2562,fortnightly,scale6,432,"ATO STSL 2026-27 Excel sample data"
"STSL $2564/fn (scale1)",2564,fortnightly,scale1,766,"ATO STSL 2026-27 Excel sample data"
"STSL $2564/fn (scale2)",2564,fortnightly,scale2,458,"ATO STSL 2026-27 Excel sample data"
"STSL $2564/fn (scale3)",2564,fortnightly,scale3,770,"ATO STSL 2026-27 Excel sample data"
"STSL $2564/fn (scale5)",2564,fortnightly,scale5,406,"ATO STSL 2026-27 Excel sample data"
"STSL $2564/fn (scale6)",2564,fortnightly,scale6,432,"ATO STSL 2026-27 Excel sample data"
"STSL $2672/fn (scale1)",2672,fortnightly,scale1,818,"ATO STSL 2026-27 Excel sample data"
"STSL $2672/fn (scale2)",2672,fortnightly,scale2,492,"ATO STSL 2026-27 Excel sample data"
"STSL $2672/fn (scale3)",2672,fortnightly,scale3,802,"ATO STSL 2026-27 Excel sample data"
"STSL $2672/fn (scale5)",2672,fortnightly,scale5,438,"ATO STSL 2026-27 Excel sample data"
"STSL $2672/fn (scale6)",2672,fortnightly,scale6,466,"ATO STSL 2026-27 Excel sample data"
"STSL $2674/fn (scale1)",2674,fortnightly,scale1,818,"ATO STSL 2026-27 Excel sample data"
"STSL $2674/fn (scale2)",2674,fortnightly,scale2,494,"ATO STSL 2026-27 Excel sample data"
"STSL $2674/fn (scale3)",2674,fortnightly,scale3,804,"ATO STSL 2026-27 Excel sample data"
"STSL $2674/fn (scale5)",2674,fortnightly,scale5,440,"ATO STSL 2026-27 Excel sample data"
"STSL $2674/fn (scale6)",2674,fortnightly,scale6,466,"ATO STSL 2026-27 Excel sample data"
"STSL $3688/fn (scale1)",3688,fortnightly,scale1,1294,"ATO STSL 2026-27 Excel sample data"
"STSL $3688/fn (scale2)",3688,fortnightly,scale2,970,"ATO STSL 2026-27 Excel sample data"
"STSL $3688/fn (scale3)",3688,fortnightly,scale3,1260,"ATO STSL 2026-27 Excel sample data"
"STSL $3688/fn (scale5)",3688,fortnightly,scale5,896,"ATO STSL 2026-27 Excel sample data"
"STSL $3688/fn (scale6)",3688,fortnightly,scale6,932,"ATO STSL 2026-27 Excel sample data"
"STSL $3690/fn (scale1)",3690,fortnightly,scale1,1296,"ATO STSL 2026-27 Excel sample data"
"STSL $3690/fn (scale2)",3690,fortnightly,scale2,970,"ATO STSL 2026-27 Excel sample data"
"STSL $3690/fn (scale3)",3690,fortnightly,scale3,1260,"ATO STSL 2026-27 Excel sample data"
"STSL $3690/fn (scale5)",3690,fortnightly,scale5,896,"ATO STSL 2026-27 Excel sample data"
"STSL $3690/fn (scale6)",3690,fortnightly,scale6,934,"ATO STSL 2026-27 Excel sample data"
"STSL $4238/fn (scale1)",4238,fortnightly,scale1,1554,"ATO STSL 2026-27 Excel sample data"
"STSL $4238/fn (scale2)",4238,fortnightly,scale2,1228,"ATO STSL 2026-27 Excel sample data"
"STSL $4238/fn (scale3)",4238,fortnightly,scale3,1506,"ATO STSL 2026-27 Excel sample data"
"STSL $4238/fn (scale5)",4238,fortnightly,scale5,1144,"ATO STSL 2026-27 Excel sample data"
"STSL $4238/fn (scale6)",4238,fortnightly,scale6,1186,"ATO STSL 2026-27 Excel sample data"
"STSL $4240/fn (scale1)",4240,fortnightly,scale1,1554,"ATO STSL 2026-27 Excel sample data"
"STSL $4240/fn (scale2)",4240,fortnightly,scale2,1230,"ATO STSL 2026-27 Excel sample data"
"STSL $4240/fn (scale3)",4240,fortnightly,scale3,1508,"ATO STSL 2026-27 Excel sample data"
"STSL $4240/fn (scale5)",4240,fortnightly,scale5,1144,"ATO STSL 2026-27 Excel sample data"
"STSL $4240/fn (scale6)",4240,fortnightly,scale6,1186,"ATO STSL 2026-27 Excel sample data"
"STSL $4286/fn (scale1)",4286,fortnightly,scale1,1576,"ATO STSL 2026-27 Excel sample data"
"STSL $4286/fn (scale2)",4286,fortnightly,scale2,1250,"ATO STSL 2026-27 Excel sample data"
"STSL $4286/fn (scale3)",4286,fortnightly,scale3,1528,"ATO STSL 2026-27 Excel sample data"
"STSL $4286/fn (scale5)",4286,fortnightly,scale5,1166,"ATO STSL 2026-27 Excel sample data"
"STSL $4286/fn (scale6)",4286,fortnightly,scale6,1208,"ATO STSL 2026-27 Excel sample data"
"STSL $4288/fn (scale1)",4288,fortnightly,scale1,1576,"ATO STSL 2026-27 Excel sample data"
"STSL $4288/fn (scale2)",4288,fortnightly,scale2,1252,"ATO STSL 2026-27 Excel sample data"
"STSL $4288/fn (scale3)",4288,fortnightly,scale3,1530,"ATO STSL 2026-27 Excel sample data"
"STSL $4288/fn (scale5)",4288,fortnightly,scale5,1166,"ATO STSL 2026-27 Excel sample data"
"STSL $4288/fn (scale6)",4288,fortnightly,scale6,1208,"ATO STSL 2026-27 Excel sample data"
"STSL $4490/fn (scale1)",4490,fortnightly,scale1,1676,"ATO STSL 2026-27 Excel sample data"
"STSL $4490/fn (scale2)",4490,fortnightly,scale2,1346,"ATO STSL 2026-27 Excel sample data"
"STSL $4490/fn (scale3)",4490,fortnightly,scale3,1620,"ATO STSL 2026-27 Excel sample data"
"STSL $4490/fn (scale5)",4490,fortnightly,scale5,1256,"ATO STSL 2026-27 Excel sample data"
"STSL $4490/fn (scale6)",4490,fortnightly,scale6,1302,"ATO STSL 2026-27 Excel sample data"
"STSL $4492/fn (scale1)",4492,fortnightly,scale1,1676,"ATO STSL 2026-27 Excel sample data"
"STSL $4492/fn (scale2)",4492,fortnightly,scale2,1348,"ATO STSL 2026-27 Excel sample data"
"STSL $4492/fn (scale3)",4492,fortnightly,scale3,1622,"ATO STSL 2026-27 Excel sample data"
"STSL $4492/fn (scale5)",4492,fortnightly,scale5,1258,"ATO STSL 2026-27 Excel sample data"
"STSL $4492/fn (scale6)",4492,fortnightly,scale6,1302,"ATO STSL 2026-27 Excel sample data"
"STSL $4982/fn (scale1)",4982,fortnightly,scale1,1952,"ATO STSL 2026-27 Excel sample data"
"STSL $4982/fn (scale2)",4982,fortnightly,scale2,1578,"ATO STSL 2026-27 Excel sample data"
"STSL $4982/fn (scale3)",4982,fortnightly,scale3,1842,"ATO STSL 2026-27 Excel sample data"
"STSL $4982/fn (scale5)",4982,fortnightly,scale5,1478,"ATO STSL 2026-27 Excel sample data"
"STSL $4982/fn (scale6)",4982,fortnightly,scale6,1528,"ATO STSL 2026-27 Excel sample data"
"STSL $4986/fn (scale1)",4986,fortnightly,scale1,1954,"ATO STSL 2026-27 Excel sample data"
"STSL $4986/fn (scale2)",4986,fortnightly,scale2,1580,"ATO STSL 2026-27 Excel sample data"
"STSL $4986/fn (scale3)",4986,fortnightly,scale3,1844,"ATO STSL 2026-27 Excel sample data"
"STSL $4986/fn (scale5)",4986,fortnightly,scale5,1480,"ATO STSL 2026-27 Excel sample data"
"STSL $4986/fn (scale6)",4986,fortnightly,scale6,1530,"ATO STSL 2026-27 Excel sample data"
"STSL $4988/fn (scale1)",4988,fortnightly,scale1,1954,"ATO STSL 2026-27 Excel sample data"
"STSL $4988/fn (scale2)",4988,fortnightly,scale2,1580,"ATO STSL 2026-27 Excel sample data"
"STSL $4988/fn (scale3)",4988,fortnightly,scale3,1844,"ATO STSL 2026-27 Excel sample data"
"STSL $4988/fn (scale5)",4988,fortnightly,scale5,1480,"ATO STSL 2026-27 Excel sample data"
"STSL $4988/fn (scale6)",4988,fortnightly,scale6,1530,"ATO STSL 2026-27 Excel sample data"
"STSL $5190/fn (scale1)",5190,fortnightly,scale1,2068,"ATO STSL 2026-27 Excel sample data"
"STSL $5190/fn (scale2)",5190,fortnightly,scale2,1680,"ATO STSL 2026-27 Excel sample data"
"STSL $5190/fn (scale3)",5190,fortnightly,scale3,1940,"ATO STSL 2026-27 Excel sample data"
"STSL $5190/fn (scale5)",5190,fortnightly,scale5,1576,"ATO STSL 2026-27 Excel sample data"
"STSL $5190/fn (scale6)",5190,fortnightly,scale6,1628,"ATO STSL 2026-27 Excel sample data"
"STSL $5192/fn (scale1)",5192,fortnightly,scale1,2068,"ATO STSL 2026-27 Excel sample data"
"STSL $5192/fn (scale2)",5192,fortnightly,scale2,1680,"ATO STSL 2026-27 Excel sample data"
"STSL $5192/fn (scale3)",5192,fortnightly,scale3,1940,"ATO STSL 2026-27 Excel sample data"
"STSL $5192/fn (scale5)",5192,fortnightly,scale5,1576,"ATO STSL 2026-27 Excel sample data"
"STSL $5192/fn (scale6)",5192,fortnightly,scale6,1628,"ATO STSL 2026-27 Excel sample data"
"STSL $5196/fn (scale1)",5196,fortnightly,scale1,2072,"ATO STSL 2026-27 Excel sample data"
"STSL $5196/fn (scale2)",5196,fortnightly,scale2,1684,"ATO STSL 2026-27 Excel sample data"
"STSL $5196/fn (scale3)",5196,fortnightly,scale3,1942,"ATO STSL 2026-27 Excel sample data"
"STSL $5196/fn (scale5)",5196,fortnightly,scale5,1580,"ATO STSL 2026-27 Excel sample data"
"STSL $5196/fn (scale6)",5196,fortnightly,scale6,1632,"ATO STSL 2026-27 Excel sample data"
"STSL $5304/fn (scale1)",5304,fortnightly,scale1,2132,"ATO STSL 2026-27 Excel sample data"
"STSL $5304/fn (scale2)",5304,fortnightly,scale2,1744,"ATO STSL 2026-27 Excel sample data"
"STSL $5304/fn (scale3)",5304,fortnightly,scale3,2000,"ATO STSL 2026-27 Excel sample data"
"STSL $5304/fn (scale5)",5304,fortnightly,scale5,1638,"ATO STSL 2026-27 Excel sample data"
"STSL $5304/fn (scale6)",5304,fortnightly,scale6,1690,"ATO STSL 2026-27 Excel sample data"
"STSL $5306/fn (scale1)",5306,fortnightly,scale1,2132,"ATO STSL 2026-27 Excel sample data"
"STSL $5306/fn (scale2)",5306,fortnightly,scale2,1744,"ATO STSL 2026-27 Excel sample data"
"STSL $5306/fn (scale3)",5306,fortnightly,scale3,2002,"ATO STSL 2026-27 Excel sample data"
"STSL $5306/fn (scale5)",5306,fortnightly,scale5,1638,"ATO STSL 2026-27 Excel sample data"
"STSL $5306/fn (scale6)",5306,fortnightly,scale6,1692,"ATO STSL 2026-27 Excel sample data"
"STSL $5454/fn (scale1)",5454,fortnightly,scale1,2216,"ATO STSL 2026-27 Excel sample data"
"STSL $5454/fn (scale2)",5454,fortnightly,scale2,1828,"ATO STSL 2026-27 Excel sample data"
"STSL $5454/fn (scale3)",5454,fortnightly,scale3,2082,"ATO STSL 2026-27 Excel sample data"
"STSL $5454/fn (scale5)",5454,fortnightly,scale5,1718,"ATO STSL 2026-27 Excel sample data"
"STSL $5454/fn (scale6)",5454,fortnightly,scale6,1772,"ATO STSL 2026-27 Excel sample data"
"STSL $5456/fn (scale1)",5456,fortnightly,scale1,2216,"ATO STSL 2026-27 Excel sample data"
"STSL $5456/fn (scale2)",5456,fortnightly,scale2,1828,"ATO STSL 2026-27 Excel sample data"
"STSL $5456/fn (scale3)",5456,fortnightly,scale3,2082,"ATO STSL 2026-27 Excel sample data"
"STSL $5456/fn (scale5)",5456,fortnightly,scale5,1720,"ATO STSL 2026-27 Excel sample data"
"STSL $5456/fn (scale6)",5456,fortnightly,scale6,1774,"ATO STSL 2026-27 Excel sample data"
"STSL $5474/fn (scale1)",5474,fortnightly,scale1,2226,"ATO STSL 2026-27 Excel sample data"
"STSL $5474/fn (scale2)",5474,fortnightly,scale2,1838,"ATO STSL 2026-27 Excel sample data"
"STSL $5474/fn (scale3)",5474,fortnightly,scale3,2092,"ATO STSL 2026-27 Excel sample data"
"STSL $5474/fn (scale5)",5474,fortnightly,scale5,1730,"ATO STSL 2026-27 Excel sample data"
"STSL $5474/fn (scale6)",5474,fortnightly,scale6,1784,"ATO STSL 2026-27 Excel sample data"
"STSL $5796/fn (scale1)",5796,fortnightly,scale1,2384,"ATO STSL 2026-27 Excel sample data"
"STSL $5796/fn (scale2)",5796,fortnightly,scale2,2020,"ATO STSL 2026-27 Excel sample data"
"STSL $5796/fn (scale3)",5796,fortnightly,scale3,2266,"ATO STSL 2026-27 Excel sample data"
"STSL $5796/fn (scale5)",5796,fortnightly,scale5,1904,"ATO STSL 2026-27 Excel sample data"
"STSL $5796/fn (scale6)",5796,fortnightly,scale6,1962,"ATO STSL 2026-27 Excel sample data"
"STSL $5798/fn (scale1)",5798,fortnightly,scale1,2384,"ATO STSL 2026-27 Excel sample data"
"STSL $5798/fn (scale2)",5798,fortnightly,scale2,2020,"ATO STSL 2026-27 Excel sample data"
"STSL $5798/fn (scale3)",5798,fortnightly,scale3,2268,"ATO STSL 2026-27 Excel sample data"
"STSL $5798/fn (scale5)",5798,fortnightly,scale5,1904,"ATO STSL 2026-27 Excel sample data"
"STSL $5798/fn (scale6)",5798,fortnightly,scale6,1962,"ATO STSL 2026-27 Excel sample data"
"STSL $6604/fn (scale1)",6604,fortnightly,scale1,2780,"ATO STSL 2026-27 Excel sample data"
"STSL $6604/fn (scale2)",6604,fortnightly,scale2,2472,"ATO STSL 2026-27 Excel sample data"
"STSL $6604/fn (scale3)",6604,fortnightly,scale3,2702,"ATO STSL 2026-27 Excel sample data"
"STSL $6604/fn (scale5)",6604,fortnightly,scale5,2340,"ATO STSL 2026-27 Excel sample data"
"STSL $6604/fn (scale6)",6604,fortnightly,scale6,2406,"ATO STSL 2026-27 Excel sample data"
"STSL $6606/fn (scale1)",6606,fortnightly,scale1,2780,"ATO STSL 2026-27 Excel sample data"
"STSL $6606/fn (scale2)",6606,fortnightly,scale2,2472,"ATO STSL 2026-27 Excel sample data"
"STSL $6606/fn (scale3)",6606,fortnightly,scale3,2704,"ATO STSL 2026-27 Excel sample data"
"STSL $6606/fn (scale5)",6606,fortnightly,scale5,2340,"ATO STSL 2026-27 Excel sample data"
"STSL $6606/fn (scale6)",6606,fortnightly,scale6,2406,"ATO STSL 2026-27 Excel sample data"
"STSL $7152/fn (scale1)",7152,fortnightly,scale1,3092,"ATO STSL 2026-27 Excel sample data"
"STSL $7152/fn (scale2)",7152,fortnightly,scale2,2778,"ATO STSL 2026-27 Excel sample data"
"STSL $7152/fn (scale3)",7152,fortnightly,scale3,2998,"ATO STSL 2026-27 Excel sample data"
"STSL $7152/fn (scale5)",7152,fortnightly,scale5,2636,"ATO STSL 2026-27 Excel sample data"
"STSL $7152/fn (scale6)",7152,fortnightly,scale6,2706,"ATO STSL 2026-27 Excel sample data"
"STSL $7154/fn (scale1)",7154,fortnightly,scale1,3092,"ATO STSL 2026-27 Excel sample data"
"STSL $7154/fn (scale2)",7154,fortnightly,scale2,2780,"ATO STSL 2026-27 Excel sample data"
"STSL $7154/fn (scale3)",7154,fortnightly,scale3,3000,"ATO STSL 2026-27 Excel sample data"
"STSL $7154/fn (scale5)",7154,fortnightly,scale5,2636,"ATO STSL 2026-27 Excel sample data"
"STSL $7154/fn (scale6)",7154,fortnightly,scale6,2708,"ATO STSL 2026-27 Excel sample data"
"STSL $7304/fn (scale1)",7304,fortnightly,scale1,3178,"ATO STSL 2026-27 Excel sample data"
"STSL $7304/fn (scale2)",7304,fortnightly,scale2,2854,"ATO STSL 2026-27 Excel sample data"
"STSL $7304/fn (scale3)",7304,fortnightly,scale3,3070,"ATO STSL 2026-27 Excel sample data"
"STSL $7304/fn (scale5)",7304,fortnightly,scale5,2706,"ATO STSL 2026-27 Excel sample data"
"STSL $7304/fn (scale6)",7304,fortnightly,scale6,2780,"ATO STSL 2026-27 Excel sample data"
"STSL $7306/fn (scale1)",7306,fortnightly,scale1,3180,"ATO STSL 2026-27 Excel sample data"
"STSL $7306/fn (scale2)",7306,fortnightly,scale2,2854,"ATO STSL 2026-27 Excel sample data"
"STSL $7306/fn (scale3)",7306,fortnightly,scale3,3072,"ATO STSL 2026-27 Excel sample data"
"STSL $7306/fn (scale5)",7306,fortnightly,scale5,2708,"ATO STSL 2026-27 Excel sample data"
"STSL $7306/fn (scale6)",7306,fortnightly,scale6,2780,"ATO STSL 2026-27 Excel sample data"
"STSL $502.67/mo (scale1)",502.67,monthly,scale1,74,"ATO STSL 2026-27 Excel sample data"
"STSL $502.67/mo (scale2)",502.67,monthly,scale2,0,"ATO STSL 2026-27 Excel sample data"
"STSL $502.67/mo (scale3)",502.67,monthly,scale3,152,"ATO STSL 2026-27 Excel sample data"
"STSL $502.67/mo (scale5)",502.67,monthly,scale5,0,"ATO STSL 2026-27 Excel sample data"
"STSL $502.67/mo (scale6)",502.67,monthly,scale6,0,"ATO STSL 2026-27 Excel sample data"
"STSL $507/mo (scale1)",507,monthly,scale1,78,"ATO STSL 2026-27 Excel sample data"
"STSL $507/mo (scale2)",507,monthly,scale2,0,"ATO STSL 2026-27 Excel sample data"
"STSL $507/mo (scale3)",507,monthly,scale3,152,"ATO STSL 2026-27 Excel sample data"
"STSL $507/mo (scale5)",507,monthly,scale5,0,"ATO STSL 2026-27 Excel sample data"
"STSL $507/mo (scale6)",507,monthly,scale6,0,"ATO STSL 2026-27 Excel sample data"
"STSL $810.33/mo (scale1)",810.33,monthly,scale1,121,"ATO STSL 2026-27 Excel sample data"
"STSL $810.33/mo (scale2)",810.33,monthly,scale2,0,"ATO STSL 2026-27 Excel sample data"
"STSL $810.33/mo (scale3)",810.33,monthly,scale3,243,"ATO STSL 2026-27 Excel sample data"
"STSL $810.33/mo (scale5)",810.33,monthly,scale5,0,"ATO STSL 2026-27 Excel sample data"
"STSL $810.33/mo (scale6)",810.33,monthly,scale6,0,"ATO STSL 2026-27 Excel sample data"
"STSL $814.67/mo (scale1)",814.67,monthly,scale1,121,"ATO STSL 2026-27 Excel sample data"
"STSL $814.67/mo (scale2)",814.67,monthly,scale2,0,"ATO STSL 2026-27 Excel sample data"
"STSL $814.67/mo (scale3)",814.67,monthly,scale3,243,"ATO STSL 2026-27 Excel sample data"
"STSL $814.67/mo (scale5)",814.67,monthly,scale5,0,"ATO STSL 2026-27 Excel sample data"
"STSL $814.67/mo (scale6)",814.67,monthly,scale6,0,"ATO STSL 2026-27 Excel sample data"
"STSL $1079/mo (scale1)",1079,monthly,scale1,178,"ATO STSL 2026-27 Excel sample data"
"STSL $1079/mo (scale2)",1079,monthly,scale2,0,"ATO STSL 2026-27 Excel sample data"
"STSL $1079/mo (scale3)",1079,monthly,scale3,325,"ATO STSL 2026-27 Excel sample data"
"STSL $1079/mo (scale5)",1079,monthly,scale5,0,"ATO STSL 2026-27 Excel sample data"
"STSL $1079/mo (scale6)",1079,monthly,scale6,0,"ATO STSL 2026-27 Excel sample data"
"STSL $1083.33/mo (scale1)",1083.33,monthly,scale1,178,"ATO STSL 2026-27 Excel sample data"
"STSL $1083.33/mo (scale2)",1083.33,monthly,scale2,0,"ATO STSL 2026-27 Excel sample data"
"STSL $1083.33/mo (scale3)",1083.33,monthly,scale3,325,"ATO STSL 2026-27 Excel sample data"
"STSL $1083.33/mo (scale5)",1083.33,monthly,scale5,0,"ATO STSL 2026-27 Excel sample data"
"STSL $1083.33/mo (scale6)",1083.33,monthly,scale6,0,"ATO STSL 2026-27 Excel sample data"
"STSL $1564.33/mo (scale1)",1564.33,monthly,scale1,277,"ATO STSL 2026-27 Excel sample data"
"STSL $1564.33/mo (scale2)",1564.33,monthly,scale2,0,"ATO STSL 2026-27 Excel sample data"
"STSL $1564.33/mo (scale3)",1564.33,monthly,scale3,468,"ATO STSL 2026-27 Excel sample data"
"STSL $1564.33/mo (scale5)",1564.33,monthly,scale5,0,"ATO STSL 2026-27 Excel sample data"
"STSL $1564.33/mo (scale6)",1564.33,monthly,scale6,0,"ATO STSL 2026-27 Excel sample data"
"STSL $1568.67/mo (scale1)",1568.67,monthly,scale1,282,"ATO STSL 2026-27 Excel sample data"
"STSL $1568.67/mo (scale2)",1568.67,monthly,scale2,0,"ATO STSL 2026-27 Excel sample data"
"STSL $1568.67/mo (scale3)",1568.67,monthly,scale3,472,"ATO STSL 2026-27 Excel sample data"
"STSL $1568.67/mo (scale5)",1568.67,monthly,scale5,0,"ATO STSL 2026-27 Excel sample data"
"STSL $1568.67/mo (scale6)",1568.67,monthly,scale6,0,"ATO STSL 2026-27 Excel sample data"
"STSL $1603.33/mo (scale1)",1603.33,monthly,scale1,286,"ATO STSL 2026-27 Excel sample data"
"STSL $1603.33/mo (scale2)",1603.33,monthly,scale2,4,"ATO STSL 2026-27 Excel sample data"
"STSL $1603.33/mo (scale3)",1603.33,monthly,scale3,481,"ATO STSL 2026-27 Excel sample data"
"STSL $1603.33/mo (scale5)",1603.33,monthly,scale5,4,"ATO STSL 2026-27 Excel sample data"
"STSL $1603.33/mo (scale6)",1603.33,monthly,scale6,4,"ATO STSL 2026-27 Excel sample data"
"STSL $1607.67/mo (scale1)",1607.67,monthly,scale1,286,"ATO STSL 2026-27 Excel sample data"
"STSL $1607.67/mo (scale2)",1607.67,monthly,scale2,4,"ATO STSL 2026-27 Excel sample data"
"STSL $1607.67/mo (scale3)",1607.67,monthly,scale3,481,"ATO STSL 2026-27 Excel sample data"
"STSL $1607.67/mo (scale5)",1607.67,monthly,scale5,4,"ATO STSL 2026-27 Excel sample data"
"STSL $1607.67/mo (scale6)",1607.67,monthly,scale6,4,"ATO STSL 2026-27 Excel sample data"
"STSL $2227.33/mo (scale1)",2227.33,monthly,scale1,399,"ATO STSL 2026-27 Excel sample data"
"STSL $2227.33/mo (scale2)",2227.33,monthly,scale2,100,"ATO STSL 2026-27 Excel sample data"
"STSL $2227.33/mo (scale3)",2227.33,monthly,scale3,667,"ATO STSL 2026-27 Excel sample data"
"STSL $2227.33/mo (scale5)",2227.33,monthly,scale5,100,"ATO STSL 2026-27 Excel sample data"
"STSL $2227.33/mo (scale6)",2227.33,monthly,scale6,100,"ATO STSL 2026-27 Excel sample data"
"STSL $2231.67/mo (scale1)",2231.67,monthly,scale1,399,"ATO STSL 2026-27 Excel sample data"
"STSL $2231.67/mo (scale2)",2231.67,monthly,scale2,100,"ATO STSL 2026-27 Excel sample data"
"STSL $2231.67/mo (scale3)",2231.67,monthly,scale3,667,"ATO STSL 2026-27 Excel sample data"
"STSL $2231.67/mo (scale5)",2231.67,monthly,scale5,100,"ATO STSL 2026-27 Excel sample data"
"STSL $2231.67/mo (scale6)",2231.67,monthly,scale6,100,"ATO STSL 2026-27 Excel sample data"
"STSL $2327/mo (scale1)",2327,monthly,scale1,429,"ATO STSL 2026-27 Excel sample data"
"STSL $2327/mo (scale2)",2327,monthly,scale2,113,"ATO STSL 2026-27 Excel sample data"
"STSL $2327/mo (scale3)",2327,monthly,scale3,698,"ATO STSL 2026-27 Excel sample data"
"STSL $2327/mo (scale5)",2327,monthly,scale5,113,"ATO STSL 2026-27 Excel sample data"
"STSL $2327/mo (scale6)",2327,monthly,scale6,113,"ATO STSL 2026-27 Excel sample data"
"STSL $2331.33/mo (scale1)",2331.33,monthly,scale1,433,"ATO STSL 2026-27 Excel sample data"
"STSL $2331.33/mo (scale2)",2331.33,monthly,scale2,117,"ATO STSL 2026-27 Excel sample data"
"STSL $2331.33/mo (scale3)",2331.33,monthly,scale3,698,"ATO STSL 2026-27 Excel sample data"
"STSL $2331.33/mo (scale5)",2331.33,monthly,scale5,117,"ATO STSL 2026-27 Excel sample data"
"STSL $2331.33/mo (scale6)",2331.33,monthly,scale6,117,"ATO STSL 2026-27 Excel sample data"
"STSL $2912/mo (scale1)",2912,monthly,scale1,620,"ATO STSL 2026-27 Excel sample data"
"STSL $2912/mo (scale2)",2912,monthly,scale2,260,"ATO STSL 2026-27 Excel sample data"
"STSL $2912/mo (scale3)",2912,monthly,scale3,875,"ATO STSL 2026-27 Excel sample data"
"STSL $2912/mo (scale5)",2912,monthly,scale5,204,"ATO STSL 2026-27 Excel sample data"
"STSL $2912/mo (scale6)",2912,monthly,scale6,204,"ATO STSL 2026-27 Excel sample data"
"STSL $2916.33/mo (scale1)",2916.33,monthly,scale1,620,"ATO STSL 2026-27 Excel sample data"
"STSL $2916.33/mo (scale2)",2916.33,monthly,scale2,260,"ATO STSL 2026-27 Excel sample data"
"STSL $2916.33/mo (scale3)",2916.33,monthly,scale3,875,"ATO STSL 2026-27 Excel sample data"
"STSL $2916.33/mo (scale5)",2916.33,monthly,scale5,204,"ATO STSL 2026-27 Excel sample data"
"STSL $2916.33/mo (scale6)",2916.33,monthly,scale6,204,"ATO STSL 2026-27 Excel sample data"
"STSL $3120/mo (scale1)",3120,monthly,scale1,685,"ATO STSL 2026-27 Excel sample data"
"STSL $3120/mo (scale2)",3120,monthly,scale2,295,"ATO STSL 2026-27 Excel sample data"
"STSL $3120/mo (scale3)",3120,monthly,scale3,936,"ATO STSL 2026-27 Excel sample data"
"STSL $3120/mo (scale5)",3120,monthly,scale5,234,"ATO STSL 2026-27 Excel sample data"
"STSL $3120/mo (scale6)",3120,monthly,scale6,234,"ATO STSL 2026-27 Excel sample data"
"STSL $3124.33/mo (scale1)",3124.33,monthly,scale1,689,"ATO STSL 2026-27 Excel sample data"
"STSL $3124.33/mo (scale2)",3124.33,monthly,scale2,295,"ATO STSL 2026-27 Excel sample data"
"STSL $3124.33/mo (scale3)",3124.33,monthly,scale3,936,"ATO STSL 2026-27 Excel sample data"
"STSL $3124.33/mo (scale5)",3124.33,monthly,scale5,234,"ATO STSL 2026-27 Excel sample data"
"STSL $3124.33/mo (scale6)",3124.33,monthly,scale6,234,"ATO STSL 2026-27 Excel sample data"
"STSL $3744/mo (scale1)",3744,monthly,scale1,888,"ATO STSL 2026-27 Excel sample data"
"STSL $3744/mo (scale2)",3744,monthly,scale2,407,"ATO STSL 2026-27 Excel sample data"
"STSL $3744/mo (scale3)",3744,monthly,scale3,1122,"ATO STSL 2026-27 Excel sample data"
"STSL $3744/mo (scale5)",3744,monthly,scale5,334,"ATO STSL 2026-27 Excel sample data"
"STSL $3744/mo (scale6)",3744,monthly,scale6,334,"ATO STSL 2026-27 Excel sample data"
"STSL $3748.33/mo (scale1)",3748.33,monthly,scale1,888,"ATO STSL 2026-27 Excel sample data"
"STSL $3748.33/mo (scale2)",3748.33,monthly,scale2,407,"ATO STSL 2026-27 Excel sample data"
"STSL $3748.33/mo (scale3)",3748.33,monthly,scale3,1122,"ATO STSL 2026-27 Excel sample data"
"STSL $3748.33/mo (scale5)",3748.33,monthly,scale5,334,"ATO STSL 2026-27 Excel sample data"
"STSL $3748.33/mo (scale6)",3748.33,monthly,scale6,334,"ATO STSL 2026-27 Excel sample data"
"STSL $3934.67/mo (scale1)",3934.67,monthly,scale1,949,"ATO STSL 2026-27 Excel sample data"
"STSL $3934.67/mo (scale2)",3934.67,monthly,scale2,468,"ATO STSL 2026-27 Excel sample data"
"STSL $3934.67/mo (scale3)",3934.67,monthly,scale3,1179,"ATO STSL 2026-27 Excel sample data"
"STSL $3934.67/mo (scale5)",3934.67,monthly,scale5,390,"ATO STSL 2026-27 Excel sample data"
"STSL $3934.67/mo (scale6)",3934.67,monthly,scale6,390,"ATO STSL 2026-27 Excel sample data"
"STSL $3939/mo (scale1)",3939,monthly,scale1,949,"ATO STSL 2026-27 Excel sample data"
"STSL $3939/mo (scale2)",3939,monthly,scale2,468,"ATO STSL 2026-27 Excel sample data"
"STSL $3939/mo (scale3)",3939,monthly,scale3,1183,"ATO STSL 2026-27 Excel sample data"
"STSL $3939/mo (scale5)",3939,monthly,scale5,390,"ATO STSL 2026-27 Excel sample data"
"STSL $3939/mo (scale6)",3939,monthly,scale6,390,"ATO STSL 2026-27 Excel sample data"
"STSL $4034.33/mo (scale1)",4034.33,monthly,scale1,984,"ATO STSL 2026-27 Excel sample data"
"STSL $4034.33/mo (scale2)",4034.33,monthly,scale2,503,"ATO STSL 2026-27 Excel sample data"
"STSL $4034.33/mo (scale3)",4034.33,monthly,scale3,1209,"ATO STSL 2026-27 Excel sample data"
"STSL $4034.33/mo (scale5)",4034.33,monthly,scale5,420,"ATO STSL 2026-27 Excel sample data"
"STSL $4034.33/mo (scale6)",4034.33,monthly,scale6,425,"ATO STSL 2026-27 Excel sample data"
"STSL $4038.67/mo (scale1)",4038.67,monthly,scale1,984,"ATO STSL 2026-27 Excel sample data"
"STSL $4038.67/mo (scale2)",4038.67,monthly,scale2,503,"ATO STSL 2026-27 Excel sample data"
"STSL $4038.67/mo (scale3)",4038.67,monthly,scale3,1213,"ATO STSL 2026-27 Excel sample data"
"STSL $4038.67/mo (scale5)",4038.67,monthly,scale5,420,"ATO STSL 2026-27 Excel sample data"
"STSL $4038.67/mo (scale6)",4038.67,monthly,scale6,425,"ATO STSL 2026-27 Excel sample data"
"STSL $4272.67/mo (scale1)",4272.67,monthly,scale1,1057,"ATO STSL 2026-27 Excel sample data"
"STSL $4272.67/mo (scale2)",4272.67,monthly,scale2,576,"ATO STSL 2026-27 Excel sample data"
"STSL $4272.67/mo (scale3)",4272.67,monthly,scale3,1283,"ATO STSL 2026-27 Excel sample data"
"STSL $4272.67/mo (scale5)",4272.67,monthly,scale5,494,"ATO STSL 2026-27 Excel sample data"
"STSL $4272.67/mo (scale6)",4272.67,monthly,scale6,507,"ATO STSL 2026-27 Excel sample data"
"STSL $4277/mo (scale1)",4277,monthly,scale1,1062,"ATO STSL 2026-27 Excel sample data"
"STSL $4277/mo (scale2)",4277,monthly,scale2,581,"ATO STSL 2026-27 Excel sample data"
"STSL $4277/mo (scale3)",4277,monthly,scale3,1283,"ATO STSL 2026-27 Excel sample data"
"STSL $4277/mo (scale5)",4277,monthly,scale5,494,"ATO STSL 2026-27 Excel sample data"
"STSL $4277/mo (scale6)",4277,monthly,scale6,511,"ATO STSL 2026-27 Excel sample data"
"STSL $4914/mo (scale1)",4914,monthly,scale1,1361,"ATO STSL 2026-27 Excel sample data"
"STSL $4914/mo (scale2)",4914,monthly,scale2,784,"ATO STSL 2026-27 Excel sample data"
"STSL $4914/mo (scale3)",4914,monthly,scale3,1473,"ATO STSL 2026-27 Excel sample data"
"STSL $4914/mo (scale5)",4914,monthly,scale5,685,"ATO STSL 2026-27 Excel sample data"
"STSL $4914/mo (scale6)",4914,monthly,scale6,737,"ATO STSL 2026-27 Excel sample data"
"STSL $4918.33/mo (scale1)",4918.33,monthly,scale1,1361,"ATO STSL 2026-27 Excel sample data"
"STSL $4918.33/mo (scale2)",4918.33,monthly,scale2,784,"ATO STSL 2026-27 Excel sample data"
"STSL $4918.33/mo (scale3)",4918.33,monthly,scale3,1473,"ATO STSL 2026-27 Excel sample data"
"STSL $4918.33/mo (scale5)",4918.33,monthly,scale5,689,"ATO STSL 2026-27 Excel sample data"
"STSL $4918.33/mo (scale6)",4918.33,monthly,scale6,737,"ATO STSL 2026-27 Excel sample data"
"STSL $5551/mo (scale1)",5551,monthly,scale1,1660,"ATO STSL 2026-27 Excel sample data"
"STSL $5551/mo (scale2)",5551,monthly,scale2,992,"ATO STSL 2026-27 Excel sample data"
"STSL $5551/mo (scale3)",5551,monthly,scale3,1664,"ATO STSL 2026-27 Excel sample data"
"STSL $5551/mo (scale5)",5551,monthly,scale5,880,"ATO STSL 2026-27 Excel sample data"
"STSL $5551/mo (scale6)",5551,monthly,scale6,936,"ATO STSL 2026-27 Excel sample data"
"STSL $5555.33/mo (scale1)",5555.33,monthly,scale1,1660,"ATO STSL 2026-27 Excel sample data"
"STSL $5555.33/mo (scale2)",5555.33,monthly,scale2,992,"ATO STSL 2026-27 Excel sample data"
"STSL $5555.33/mo (scale3)",5555.33,monthly,scale3,1668,"ATO STSL 2026-27 Excel sample data"
"STSL $5555.33/mo (scale5)",5555.33,monthly,scale5,880,"ATO STSL 2026-27 Excel sample data"
"STSL $5555.33/mo (scale6)",5555.33,monthly,scale6,936,"ATO STSL 2026-27 Excel sample data"
"STSL $5789.33/mo (scale1)",5789.33,monthly,scale1,1772,"ATO STSL 2026-27 Excel sample data"
"STSL $5789.33/mo (scale2)",5789.33,monthly,scale2,1066,"ATO STSL 2026-27 Excel sample data"
"STSL $5789.33/mo (scale3)",5789.33,monthly,scale3,1738,"ATO STSL 2026-27 Excel sample data"
"STSL $5789.33/mo (scale5)",5789.33,monthly,scale5,949,"ATO STSL 2026-27 Excel sample data"
"STSL $5789.33/mo (scale6)",5789.33,monthly,scale6,1010,"ATO STSL 2026-27 Excel sample data"
"STSL $5793.67/mo (scale1)",5793.67,monthly,scale1,1772,"ATO STSL 2026-27 Excel sample data"
"STSL $5793.67/mo (scale2)",5793.67,monthly,scale2,1070,"ATO STSL 2026-27 Excel sample data"
"STSL $5793.67/mo (scale3)",5793.67,monthly,scale3,1742,"ATO STSL 2026-27 Excel sample data"
"STSL $5793.67/mo (scale5)",5793.67,monthly,scale5,953,"ATO STSL 2026-27 Excel sample data"
"STSL $5793.67/mo (scale6)",5793.67,monthly,scale6,1010,"ATO STSL 2026-27 Excel sample data"
"STSL $7990.67/mo (scale1)",7990.67,monthly,scale1,2804,"ATO STSL 2026-27 Excel sample data"
"STSL $7990.67/mo (scale2)",7990.67,monthly,scale2,2102,"ATO STSL 2026-27 Excel sample data"
"STSL $7990.67/mo (scale3)",7990.67,monthly,scale3,2730,"ATO STSL 2026-27 Excel sample data"
"STSL $7990.67/mo (scale5)",7990.67,monthly,scale5,1941,"ATO STSL 2026-27 Excel sample data"
"STSL $7990.67/mo (scale6)",7990.67,monthly,scale6,2019,"ATO STSL 2026-27 Excel sample data"
"STSL $7995/mo (scale1)",7995,monthly,scale1,2808,"ATO STSL 2026-27 Excel sample data"
"STSL $7995/mo (scale2)",7995,monthly,scale2,2102,"ATO STSL 2026-27 Excel sample data"
"STSL $7995/mo (scale3)",7995,monthly,scale3,2730,"ATO STSL 2026-27 Excel sample data"
"STSL $7995/mo (scale5)",7995,monthly,scale5,1941,"ATO STSL 2026-27 Excel sample data"
"STSL $7995/mo (scale6)",7995,monthly,scale6,2024,"ATO STSL 2026-27 Excel sample data"
"STSL $9182.33/mo (scale1)",9182.33,monthly,scale1,3367,"ATO STSL 2026-27 Excel sample data"
"STSL $9182.33/mo (scale2)",9182.33,monthly,scale2,2661,"ATO STSL 2026-27 Excel sample data"
"STSL $9182.33/mo (scale3)",9182.33,monthly,scale3,3263,"ATO STSL 2026-27 Excel sample data"
"STSL $9182.33/mo (scale5)",9182.33,monthly,scale5,2479,"ATO STSL 2026-27 Excel sample data"
"STSL $9182.33/mo (scale6)",9182.33,monthly,scale6,2570,"ATO STSL 2026-27 Excel sample data"
"STSL $9186.67/mo (scale1)",9186.67,monthly,scale1,3367,"ATO STSL 2026-27 Excel sample data"
"STSL $9186.67/mo (scale2)",9186.67,monthly,scale2,2665,"ATO STSL 2026-27 Excel sample data"
"STSL $9186.67/mo (scale3)",9186.67,monthly,scale3,3267,"ATO STSL 2026-27 Excel sample data"
"STSL $9186.67/mo (scale5)",9186.67,monthly,scale5,2479,"ATO STSL 2026-27 Excel sample data"
"STSL $9186.67/mo (scale6)",9186.67,monthly,scale6,2570,"ATO STSL 2026-27 Excel sample data"
"STSL $9286.33/mo (scale1)",9286.33,monthly,scale1,3415,"ATO STSL 2026-27 Excel sample data"
"STSL $9286.33/mo (scale2)",9286.33,monthly,scale2,2708,"ATO STSL 2026-27 Excel sample data"
"STSL $9286.33/mo (scale3)",9286.33,monthly,scale3,3311,"ATO STSL 2026-27 Excel sample data"
"STSL $9286.33/mo (scale5)",9286.33,monthly,scale5,2526,"ATO STSL 2026-27 Excel sample data"
"STSL $9286.33/mo (scale6)",9286.33,monthly,scale6,2617,"ATO STSL 2026-27 Excel sample data"
"STSL $9290.67/mo (scale1)",9290.67,monthly,scale1,3415,"ATO STSL 2026-27 Excel sample data"
"STSL $9290.67/mo (scale2)",9290.67,monthly,scale2,2713,"ATO STSL 2026-27 Excel sample data"
"STSL $9290.67/mo (scale3)",9290.67,monthly,scale3,3315,"ATO STSL 2026-27 Excel sample data"
"STSL $9290.67/mo (scale5)",9290.67,monthly,scale5,2526,"ATO STSL 2026-27 Excel sample data"
"STSL $9290.67/mo (scale6)",9290.67,monthly,scale6,2617,"ATO STSL 2026-27 Excel sample data"
"STSL $9728.33/mo (scale1)",9728.33,monthly,scale1,3631,"ATO STSL 2026-27 Excel sample data"
"STSL $9728.33/mo (scale2)",9728.33,monthly,scale2,2916,"ATO STSL 2026-27 Excel sample data"
"STSL $9728.33/mo (scale3)",9728.33,monthly,scale3,3510,"ATO STSL 2026-27 Excel sample data"
"STSL $9728.33/mo (scale5)",9728.33,monthly,scale5,2721,"ATO STSL 2026-27 Excel sample data"
"STSL $9728.33/mo (scale6)",9728.33,monthly,scale6,2821,"ATO STSL 2026-27 Excel sample data"
"STSL $9732.67/mo (scale1)",9732.67,monthly,scale1,3631,"ATO STSL 2026-27 Excel sample data"
"STSL $9732.67/mo (scale2)",9732.67,monthly,scale2,2921,"ATO STSL 2026-27 Excel sample data"
"STSL $9732.67/mo (scale3)",9732.67,monthly,scale3,3514,"ATO STSL 2026-27 Excel sample data"
"STSL $9732.67/mo (scale5)",9732.67,monthly,scale5,2726,"ATO STSL 2026-27 Excel sample data"
"STSL $9732.67/mo (scale6)",9732.67,monthly,scale6,2821,"ATO STSL 2026-27 Excel sample data"
"STSL $10794.33/mo (scale1)",10794.33,monthly,scale1,4229,"ATO STSL 2026-27 Excel sample data"
"STSL $10794.33/mo (scale2)",10794.33,monthly,scale2,3419,"ATO STSL 2026-27 Excel sample data"
"STSL $10794.33/mo (scale3)",10794.33,monthly,scale3,3991,"ATO STSL 2026-27 Excel sample data"
"STSL $10794.33/mo (scale5)",10794.33,monthly,scale5,3202,"ATO STSL 2026-27 Excel sample data"
"STSL $10794.33/mo (scale6)",10794.33,monthly,scale6,3311,"ATO STSL 2026-27 Excel sample data"
"STSL $10803/mo (scale1)",10803,monthly,scale1,4234,"ATO STSL 2026-27 Excel sample data"
"STSL $10803/mo (scale2)",10803,monthly,scale2,3423,"ATO STSL 2026-27 Excel sample data"
"STSL $10803/mo (scale3)",10803,monthly,scale3,3995,"ATO STSL 2026-27 Excel sample data"
"STSL $10803/mo (scale5)",10803,monthly,scale5,3207,"ATO STSL 2026-27 Excel sample data"
"STSL $10803/mo (scale6)",10803,monthly,scale6,3315,"ATO STSL 2026-27 Excel sample data"
"STSL $10807.33/mo (scale1)",10807.33,monthly,scale1,4234,"ATO STSL 2026-27 Excel sample data"
"STSL $10807.33/mo (scale2)",10807.33,monthly,scale2,3423,"ATO STSL 2026-27 Excel sample data"
"STSL $10807.33/mo (scale3)",10807.33,monthly,scale3,3995,"ATO STSL 2026-27 Excel sample data"
"STSL $10807.33/mo (scale5)",10807.33,monthly,scale5,3207,"ATO STSL 2026-27 Excel sample data"
"STSL $10807.33/mo (scale6)",10807.33,monthly,scale6,3315,"ATO STSL 2026-27 Excel sample data"
"STSL $11245/mo (scale1)",11245,monthly,scale1,4481,"ATO STSL 2026-27 Excel sample data"
"STSL $11245/mo (scale2)",11245,monthly,scale2,3640,"ATO STSL 2026-27 Excel sample data"
"STSL $11245/mo (scale3)",11245,monthly,scale3,4203,"ATO STSL 2026-27 Excel sample data"
"STSL $11245/mo (scale5)",11245,monthly,scale5,3415,"ATO STSL 2026-27 Excel sample data"
"STSL $11245/mo (scale6)",11245,monthly,scale6,3527,"ATO STSL 2026-27 Excel sample data"
"STSL $11249.33/mo (scale1)",11249.33,monthly,scale1,4481,"ATO STSL 2026-27 Excel sample data"
"STSL $11249.33/mo (scale2)",11249.33,monthly,scale2,3640,"ATO STSL 2026-27 Excel sample data"
"STSL $11249.33/mo (scale3)",11249.33,monthly,scale3,4203,"ATO STSL 2026-27 Excel sample data"
"STSL $11249.33/mo (scale5)",11249.33,monthly,scale5,3415,"ATO STSL 2026-27 Excel sample data"
"STSL $11249.33/mo (scale6)",11249.33,monthly,scale6,3527,"ATO STSL 2026-27 Excel sample data"
"STSL $11258/mo (scale1)",11258,monthly,scale1,4489,"ATO STSL 2026-27 Excel sample data"
"STSL $11258/mo (scale2)",11258,monthly,scale2,3649,"ATO STSL 2026-27 Excel sample data"
"STSL $11258/mo (scale3)",11258,monthly,scale3,4208,"ATO STSL 2026-27 Excel sample data"
"STSL $11258/mo (scale5)",11258,monthly,scale5,3423,"ATO STSL 2026-27 Excel sample data"
"STSL $11258/mo (scale6)",11258,monthly,scale6,3536,"ATO STSL 2026-27 Excel sample data"
"STSL $11492/mo (scale1)",11492,monthly,scale1,4619,"ATO STSL 2026-27 Excel sample data"
"STSL $11492/mo (scale2)",11492,monthly,scale2,3779,"ATO STSL 2026-27 Excel sample data"
"STSL $11492/mo (scale3)",11492,monthly,scale3,4333,"ATO STSL 2026-27 Excel sample data"
"STSL $11492/mo (scale5)",11492,monthly,scale5,3549,"ATO STSL 2026-27 Excel sample data"
"STSL $11492/mo (scale6)",11492,monthly,scale6,3662,"ATO STSL 2026-27 Excel sample data"
"STSL $11496.33/mo (scale1)",11496.33,monthly,scale1,4619,"ATO STSL 2026-27 Excel sample data"
"STSL $11496.33/mo (scale2)",11496.33,monthly,scale2,3779,"ATO STSL 2026-27 Excel sample data"
"STSL $11496.33/mo (scale3)",11496.33,monthly,scale3,4338,"ATO STSL 2026-27 Excel sample data"
"STSL $11496.33/mo (scale5)",11496.33,monthly,scale5,3549,"ATO STSL 2026-27 Excel sample data"
"STSL $11496.33/mo (scale6)",11496.33,monthly,scale6,3666,"ATO STSL 2026-27 Excel sample data"
"STSL $11817/mo (scale1)",11817,monthly,scale1,4801,"ATO STSL 2026-27 Excel sample data"
"STSL $11817/mo (scale2)",11817,monthly,scale2,3961,"ATO STSL 2026-27 Excel sample data"
"STSL $11817/mo (scale3)",11817,monthly,scale3,4511,"ATO STSL 2026-27 Excel sample data"
"STSL $11817/mo (scale5)",11817,monthly,scale5,3722,"ATO STSL 2026-27 Excel sample data"
"STSL $11817/mo (scale6)",11817,monthly,scale6,3839,"ATO STSL 2026-27 Excel sample data"
"STSL $11821.33/mo (scale1)",11821.33,monthly,scale1,4801,"ATO STSL 2026-27 Excel sample data"
"STSL $11821.33/mo (scale2)",11821.33,monthly,scale2,3961,"ATO STSL 2026-27 Excel sample data"
"STSL $11821.33/mo (scale3)",11821.33,monthly,scale3,4511,"ATO STSL 2026-27 Excel sample data"
"STSL $11821.33/mo (scale5)",11821.33,monthly,scale5,3727,"ATO STSL 2026-27 Excel sample data"
"STSL $11821.33/mo (scale6)",11821.33,monthly,scale6,3844,"ATO STSL 2026-27 Excel sample data"
"STSL $11860.33/mo (scale1)",11860.33,monthly,scale1,4823,"ATO STSL 2026-27 Excel sample data"
"STSL $11860.33/mo (scale2)",11860.33,monthly,scale2,3982,"ATO STSL 2026-27 Excel sample data"
"STSL $11860.33/mo (scale3)",11860.33,monthly,scale3,4533,"ATO STSL 2026-27 Excel sample data"
"STSL $11860.33/mo (scale5)",11860.33,monthly,scale5,3748,"ATO STSL 2026-27 Excel sample data"
"STSL $11860.33/mo (scale6)",11860.33,monthly,scale6,3865,"ATO STSL 2026-27 Excel sample data"
"STSL $12558/mo (scale1)",12558,monthly,scale1,5165,"ATO STSL 2026-27 Excel sample data"
"STSL $12558/mo (scale2)",12558,monthly,scale2,4377,"ATO STSL 2026-27 Excel sample data"
"STSL $12558/mo (scale3)",12558,monthly,scale3,4910,"ATO STSL 2026-27 Excel sample data"
"STSL $12558/mo (scale5)",12558,monthly,scale5,4125,"ATO STSL 2026-27 Excel sample data"
"STSL $12558/mo (scale6)",12558,monthly,scale6,4251,"ATO STSL 2026-27 Excel sample data"
"STSL $12562.33/mo (scale1)",12562.33,monthly,scale1,5165,"ATO STSL 2026-27 Excel sample data"
"STSL $12562.33/mo (scale2)",12562.33,monthly,scale2,4377,"ATO STSL 2026-27 Excel sample data"
"STSL $12562.33/mo (scale3)",12562.33,monthly,scale3,4914,"ATO STSL 2026-27 Excel sample data"
"STSL $12562.33/mo (scale5)",12562.33,monthly,scale5,4125,"ATO STSL 2026-27 Excel sample data"
"STSL $12562.33/mo (scale6)",12562.33,monthly,scale6,4251,"ATO STSL 2026-27 Excel sample data"
"STSL $14308.67/mo (scale1)",14308.67,monthly,scale1,6023,"ATO STSL 2026-27 Excel sample data"
"STSL $14308.67/mo (scale2)",14308.67,monthly,scale2,5356,"ATO STSL 2026-27 Excel sample data"
"STSL $14308.67/mo (scale3)",14308.67,monthly,scale3,5854,"ATO STSL 2026-27 Excel sample data"
"STSL $14308.67/mo (scale5)",14308.67,monthly,scale5,5070,"ATO STSL 2026-27 Excel sample data"
"STSL $14308.67/mo (scale6)",14308.67,monthly,scale6,5213,"ATO STSL 2026-27 Excel sample data"
"STSL $14313/mo (scale1)",14313,monthly,scale1,6023,"ATO STSL 2026-27 Excel sample data"
"STSL $14313/mo (scale2)",14313,monthly,scale2,5356,"ATO STSL 2026-27 Excel sample data"
"STSL $14313/mo (scale3)",14313,monthly,scale3,5859,"ATO STSL 2026-27 Excel sample data"
"STSL $14313/mo (scale5)",14313,monthly,scale5,5070,"ATO STSL 2026-27 Excel sample data"
"STSL $14313/mo (scale6)",14313,monthly,scale6,5213,"ATO STSL 2026-27 Excel sample data"
"STSL $15496/mo (scale1)",15496,monthly,scale1,6699,"ATO STSL 2026-27 Excel sample data"
"STSL $15496/mo (scale2)",15496,monthly,scale2,6019,"ATO STSL 2026-27 Excel sample data"
"STSL $15496/mo (scale3)",15496,monthly,scale3,6496,"ATO STSL 2026-27 Excel sample data"
"STSL $15496/mo (scale5)",15496,monthly,scale5,5711,"ATO STSL 2026-27 Excel sample data"
"STSL $15496/mo (scale6)",15496,monthly,scale6,5863,"ATO STSL 2026-27 Excel sample data"
"STSL $15500.33/mo (scale1)",15500.33,monthly,scale1,6699,"ATO STSL 2026-27 Excel sample data"
"STSL $15500.33/mo (scale2)",15500.33,monthly,scale2,6023,"ATO STSL 2026-27 Excel sample data"
"STSL $15500.33/mo (scale3)",15500.33,monthly,scale3,6500,"ATO STSL 2026-27 Excel sample data"
"STSL $15500.33/mo (scale5)",15500.33,monthly,scale5,5711,"ATO STSL 2026-27 Excel sample data"
"STSL $15500.33/mo (scale6)",15500.33,monthly,scale6,5867,"ATO STSL 2026-27 Excel sample data"
"STSL $15825.33/mo (scale1)",15825.33,monthly,scale1,6886,"ATO STSL 2026-27 Excel sample data"
"STSL $15825.33/mo (scale2)",15825.33,monthly,scale2,6184,"ATO STSL 2026-27 Excel sample data"
"STSL $15825.33/mo (scale3)",15825.33,monthly,scale3,6652,"ATO STSL 2026-27 Excel sample data"
"STSL $15825.33/mo (scale5)",15825.33,monthly,scale5,5863,"ATO STSL 2026-27 Excel sample data"
"STSL $15825.33/mo (scale6)",15825.33,monthly,scale6,6023,"ATO STSL 2026-27 Excel sample data"
"STSL $15829.67/mo (scale1)",15829.67,monthly,scale1,6890,"ATO STSL 2026-27 Excel sample data"
"STSL $15829.67/mo (scale2)",15829.67,monthly,scale2,6184,"ATO STSL 2026-27 Excel sample data"
"STSL $15829.67/mo (scale3)",15829.67,monthly,scale3,6656,"ATO STSL 2026-27 Excel sample data"
"STSL $15829.67/mo (scale5)",15829.67,monthly,scale5,5867,"ATO STSL 2026-27 Excel sample data"
"STSL $15829.67/mo (scale6)",15829.67,monthly,scale6,6023,"ATO STSL 2026-27 Excel sample data"
