"label","gross","period","scale","expected_payg","source"
"S1 $116/wk","116","weekly","scale1","17","ATO 2026-27 sample data"
"S2 $116/wk","116","weekly","scale2","0","ATO 2026-27 sample data"
"S3 $116/wk","116","weekly","scale3","35","ATO 2026-27 sample data"
"S5 $116/wk","116","weekly","scale5","0","ATO 2026-27 sample data"
"S6 $116/wk","116","weekly","scale6","0","ATO 2026-27 sample data"
"S1 $117/wk","117","weekly","scale1","18","ATO 2026-27 sample data"
"S2 $117/wk","117","weekly","scale2","0","ATO 2026-27 sample data"
"S3 $117/wk","117","weekly","scale3","35","ATO 2026-27 sample data"
"S5 $117/wk","117","weekly","scale5","0","ATO 2026-27 sample data"
"S6 $117/wk","117","weekly","scale6","0","ATO 2026-27 sample data"
"S1 $187/wk","187","weekly","scale1","28","ATO 2026-27 sample data"
"S2 $187/wk","187","weekly","scale2","0","ATO 2026-27 sample data"
"S3 $187/wk","187","weekly","scale3","56","ATO 2026-27 sample data"
"S5 $187/wk","187","weekly","scale5","0","ATO 2026-27 sample data"
"S6 $187/wk","187","weekly","scale6","0","ATO 2026-27 sample data"
"S1 $188/wk","188","weekly","scale1","28","ATO 2026-27 sample data"
"S2 $188/wk","188","weekly","scale2","0","ATO 2026-27 sample data"
"S3 $188/wk","188","weekly","scale3","56","ATO 2026-27 sample data"
"S5 $188/wk","188","weekly","scale5","0","ATO 2026-27 sample data"
"S6 $188/wk","188","weekly","scale6","0","ATO 2026-27 sample data"
"S1 $249/wk","249","weekly","scale1","41","ATO 2026-27 sample data"
"S2 $249/wk","249","weekly","scale2","0","ATO 2026-27 sample data"
"S3 $249/wk","249","weekly","scale3","75","ATO 2026-27 sample data"
"S5 $249/wk","249","weekly","scale5","0","ATO 2026-27 sample data"
"S6 $249/wk","249","weekly","scale6","0","ATO 2026-27 sample data"
"S1 $250/wk","250","weekly","scale1","41","ATO 2026-27 sample data"
"S2 $250/wk","250","weekly","scale2","0","ATO 2026-27 sample data"
"S3 $250/wk","250","weekly","scale3","75","ATO 2026-27 sample data"
"S5 $250/wk","250","weekly","scale5","0","ATO 2026-27 sample data"
"S6 $250/wk","250","weekly","scale6","0","ATO 2026-27 sample data"
"S1 $361/wk","361","weekly","scale1","64","ATO 2026-27 sample data"
"S2 $361/wk","361","weekly","scale2","0","ATO 2026-27 sample data"
"S3 $361/wk","361","weekly","scale3","108","ATO 2026-27 sample data"
"S5 $361/wk","361","weekly","scale5","0","ATO 2026-27 sample data"
"S6 $361/wk","361","weekly","scale6","0","ATO 2026-27 sample data"
"S1 $362/wk","362","weekly","scale1","65","ATO 2026-27 sample data"
"S2 $362/wk","362","weekly","scale2","0","ATO 2026-27 sample data"
"S3 $362/wk","362","weekly","scale3","109","ATO 2026-27 sample data"
"S5 $362/wk","362","weekly","scale5","0","ATO 2026-27 sample data"
"S6 $362/wk","362","weekly","scale6","0","ATO 2026-27 sample data"
"S1 $370/wk","370","weekly","scale1","66","ATO 2026-27 sample data"
"S2 $370/wk","370","weekly","scale2","1","ATO 2026-27 sample data"
"S3 $370/wk","370","weekly","scale3","111","ATO 2026-27 sample data"
"S5 $370/wk","370","weekly","scale5","1","ATO 2026-27 sample data"
"S6 $370/wk","370","weekly","scale6","1","ATO 2026-27 sample data"
"S1 $371/wk","371","weekly","scale1","66","ATO 2026-27 sample data"
"S2 $371/wk","371","weekly","scale2","1","ATO 2026-27 sample data"
"S3 $371/wk","371","weekly","scale3","111","ATO 2026-27 sample data"
"S5 $371/wk","371","weekly","scale5","1","ATO 2026-27 sample data"
"S6 $371/wk","371","weekly","scale6","1","ATO 2026-27 sample data"
"S1 $514/wk","514","weekly","scale1","92","ATO 2026-27 sample data"
"S2 $514/wk","514","weekly","scale2","23","ATO 2026-27 sample data"
"S3 $514/wk","514","weekly","scale3","154","ATO 2026-27 sample data"
"S5 $514/wk","514","weekly","scale5","23","ATO 2026-27 sample data"
"S6 $514/wk","514","weekly","scale6","23","ATO 2026-27 sample data"
"S1 $515/wk","515","weekly","scale1","92","ATO 2026-27 sample data"
"S2 $515/wk","515","weekly","scale2","23","ATO 2026-27 sample data"
"S3 $515/wk","515","weekly","scale3","154","ATO 2026-27 sample data"
"S5 $515/wk","515","weekly","scale5","23","ATO 2026-27 sample data"
"S6 $515/wk","515","weekly","scale6","23","ATO 2026-27 sample data"
"S1 $537/wk","537","weekly","scale1","99","ATO 2026-27 sample data"
"S2 $537/wk","537","weekly","scale2","26","ATO 2026-27 sample data"
"S3 $537/wk","537","weekly","scale3","161","ATO 2026-27 sample data"
"S5 $537/wk","537","weekly","scale5","26","ATO 2026-27 sample data"
"S6 $537/wk","537","weekly","scale6","26","ATO 2026-27 sample data"
"S1 $538/wk","538","weekly","scale1","100","ATO 2026-27 sample data"
"S2 $538/wk","538","weekly","scale2","27","ATO 2026-27 sample data"
"S3 $538/wk","538","weekly","scale3","161","ATO 2026-27 sample data"
"S5 $538/wk","538","weekly","scale5","27","ATO 2026-27 sample data"
"S6 $538/wk","538","weekly","scale6","27","ATO 2026-27 sample data"
"S1 $672/wk","672","weekly","scale1","143","ATO 2026-27 sample data"
"S2 $672/wk","672","weekly","scale2","60","ATO 2026-27 sample data"
"S3 $672/wk","672","weekly","scale3","202","ATO 2026-27 sample data"
"S5 $672/wk","672","weekly","scale5","47","ATO 2026-27 sample data"
"S6 $672/wk","672","weekly","scale6","47","ATO 2026-27 sample data"
"S1 $673/wk","673","weekly","scale1","143","ATO 2026-27 sample data"
"S2 $673/wk","673","weekly","scale2","60","ATO 2026-27 sample data"
"S3 $673/wk","673","weekly","scale3","202","ATO 2026-27 sample data"
"S5 $673/wk","673","weekly","scale5","47","ATO 2026-27 sample data"
"S6 $673/wk","673","weekly","scale6","47","ATO 2026-27 sample data"
"S1 $720/wk","720","weekly","scale1","158","ATO 2026-27 sample data"
"S2 $720/wk","720","weekly","scale2","68","ATO 2026-27 sample data"
"S3 $720/wk","720","weekly","scale3","216","ATO 2026-27 sample data"
"S5 $720/wk","720","weekly","scale5","54","ATO 2026-27 sample data"
"S6 $720/wk","720","weekly","scale6","54","ATO 2026-27 sample data"
"S1 $721/wk","721","weekly","scale1","159","ATO 2026-27 sample data"
"S2 $721/wk","721","weekly","scale2","68","ATO 2026-27 sample data"
"S3 $721/wk","721","weekly","scale3","216","ATO 2026-27 sample data"
"S5 $721/wk","721","weekly","scale5","54","ATO 2026-27 sample data"
"S6 $721/wk","721","weekly","scale6","54","ATO 2026-27 sample data"
"S1 $864/wk","864","weekly","scale1","205","ATO 2026-27 sample data"
"S2 $864/wk","864","weekly","scale2","94","ATO 2026-27 sample data"
"S3 $864/wk","864","weekly","scale3","259","ATO 2026-27 sample data"
"S5 $864/wk","864","weekly","scale5","77","ATO 2026-27 sample data"
"S6 $864/wk","864","weekly","scale6","77","ATO 2026-27 sample data"
"S1 $865/wk","865","weekly","scale1","205","ATO 2026-27 sample data"
"S2 $865/wk","865","weekly","scale2","94","ATO 2026-27 sample data"
"S3 $865/wk","865","weekly","scale3","259","ATO 2026-27 sample data"
"S5 $865/wk","865","weekly","scale5","77","ATO 2026-27 sample data"
"S6 $865/wk","865","weekly","scale6","77","ATO 2026-27 sample data"
"S1 $907/wk","907","weekly","scale1","219","ATO 2026-27 sample data"
"S2 $907/wk","907","weekly","scale2","108","ATO 2026-27 sample data"
"S3 $907/wk","907","weekly","scale3","272","ATO 2026-27 sample data"
"S5 $907/wk","907","weekly","scale5","90","ATO 2026-27 sample data"
"S6 $907/wk","907","weekly","scale6","90","ATO 2026-27 sample data"
"S1 $908/wk","908","weekly","scale1","219","ATO 2026-27 sample data"
"S2 $908/wk","908","weekly","scale2","108","ATO 2026-27 sample data"
"S3 $908/wk","908","weekly","scale3","272","ATO 2026-27 sample data"
"S5 $908/wk","908","weekly","scale5","90","ATO 2026-27 sample data"
"S6 $908/wk","908","weekly","scale6","90","ATO 2026-27 sample data"
"S1 $931/wk","931","weekly","scale1","227","ATO 2026-27 sample data"
"S2 $931/wk","931","weekly","scale2","116","ATO 2026-27 sample data"
"S3 $931/wk","931","weekly","scale3","279","ATO 2026-27 sample data"
"S5 $931/wk","931","weekly","scale5","97","ATO 2026-27 sample data"
"S6 $931/wk","931","weekly","scale6","98","ATO 2026-27 sample data"
"S1 $932/wk","932","weekly","scale1","227","ATO 2026-27 sample data"
"S2 $932/wk","932","weekly","scale2","116","ATO 2026-27 sample data"
"S3 $932/wk","932","weekly","scale3","280","ATO 2026-27 sample data"
"S5 $932/wk","932","weekly","scale5","97","ATO 2026-27 sample data"
"S6 $932/wk","932","weekly","scale6","98","ATO 2026-27 sample data"
"S1 $1134/wk","1134","weekly","scale1","292","ATO 2026-27 sample data"
"S2 $1134/wk","1134","weekly","scale2","181","ATO 2026-27 sample data"
"S3 $1134/wk","1134","weekly","scale3","340","ATO 2026-27 sample data"
"S5 $1134/wk","1134","weekly","scale5","158","ATO 2026-27 sample data"
"S6 $1134/wk","1134","weekly","scale6","170","ATO 2026-27 sample data"
"S1 $1135/wk","1135","weekly","scale1","292","ATO 2026-27 sample data"
"S2 $1135/wk","1135","weekly","scale2","181","ATO 2026-27 sample data"
"S3 $1135/wk","1135","weekly","scale3","340","ATO 2026-27 sample data"
"S5 $1135/wk","1135","weekly","scale5","159","ATO 2026-27 sample data"
"S6 $1135/wk","1135","weekly","scale6","170","ATO 2026-27 sample data"
"S1 $1281/wk","1281","weekly","scale1","339","ATO 2026-27 sample data"
"S2 $1281/wk","1281","weekly","scale2","229","ATO 2026-27 sample data"
"S3 $1281/wk","1281","weekly","scale3","384","ATO 2026-27 sample data"
"S5 $1281/wk","1281","weekly","scale5","203","ATO 2026-27 sample data"
"S6 $1281/wk","1281","weekly","scale6","216","ATO 2026-27 sample data"
"S1 $1282/wk","1282","weekly","scale1","339","ATO 2026-27 sample data"
"S2 $1282/wk","1282","weekly","scale2","229","ATO 2026-27 sample data"
"S3 $1282/wk","1282","weekly","scale3","385","ATO 2026-27 sample data"
"S5 $1282/wk","1282","weekly","scale5","203","ATO 2026-27 sample data"
"S6 $1282/wk","1282","weekly","scale6","216","ATO 2026-27 sample data"
"S1 $1844/wk","1844","weekly","scale1","519","ATO 2026-27 sample data"
"S2 $1844/wk","1844","weekly","scale2","409","ATO 2026-27 sample data"
"S3 $1844/wk","1844","weekly","scale3","553","ATO 2026-27 sample data"
"S5 $1844/wk","1844","weekly","scale5","372","ATO 2026-27 sample data"
"S6 $1844/wk","1844","weekly","scale6","390","ATO 2026-27 sample data"
"S1 $1845/wk","1845","weekly","scale1","519","ATO 2026-27 sample data"
"S2 $1845/wk","1845","weekly","scale2","409","ATO 2026-27 sample data"
"S3 $1845/wk","1845","weekly","scale3","553","ATO 2026-27 sample data"
"S5 $1845/wk","1845","weekly","scale5","372","ATO 2026-27 sample data"
"S6 $1845/wk","1845","weekly","scale6","390","ATO 2026-27 sample data"
"S1 $2119/wk","2119","weekly","scale1","607","ATO 2026-27 sample data"
"S2 $2119/wk","2119","weekly","scale2","497","ATO 2026-27 sample data"
"S3 $2119/wk","2119","weekly","scale3","636","ATO 2026-27 sample data"
"S5 $2119/wk","2119","weekly","scale5","454","ATO 2026-27 sample data"
"S6 $2119/wk","2119","weekly","scale6","475","ATO 2026-27 sample data"
"S1 $2120/wk","2120","weekly","scale1","607","ATO 2026-27 sample data"
"S2 $2120/wk","2120","weekly","scale2","497","ATO 2026-27 sample data"
"S3 $2120/wk","2120","weekly","scale3","636","ATO 2026-27 sample data"
"S5 $2120/wk","2120","weekly","scale5","455","ATO 2026-27 sample data"
"S6 $2120/wk","2120","weekly","scale6","476","ATO 2026-27 sample data"
"S1 $2245/wk","2245","weekly","scale1","647","ATO 2026-27 sample data"
"S2 $2245/wk","2245","weekly","scale2","537","ATO 2026-27 sample data"
"S3 $2245/wk","2245","weekly","scale3","673","ATO 2026-27 sample data"
"S5 $2245/wk","2245","weekly","scale5","492","ATO 2026-27 sample data"
"S6 $2245/wk","2245","weekly","scale6","515","ATO 2026-27 sample data"
"S1 $2246/wk","2246","weekly","scale1","647","ATO 2026-27 sample data"
"S2 $2246/wk","2246","weekly","scale2","537","ATO 2026-27 sample data"
"S3 $2246/wk","2246","weekly","scale3","674","ATO 2026-27 sample data"
"S5 $2246/wk","2246","weekly","scale5","492","ATO 2026-27 sample data"
"S6 $2246/wk","2246","weekly","scale6","515","ATO 2026-27 sample data"
"S1 $2490/wk","2490","weekly","scale1","743","ATO 2026-27 sample data"
"S2 $2490/wk","2490","weekly","scale2","615","ATO 2026-27 sample data"
"S3 $2490/wk","2490","weekly","scale3","747","ATO 2026-27 sample data"
"S5 $2490/wk","2490","weekly","scale5","566","ATO 2026-27 sample data"
"S6 $2490/wk","2490","weekly","scale6","590","ATO 2026-27 sample data"
"S1 $2491/wk","2491","weekly","scale1","743","ATO 2026-27 sample data"
"S2 $2491/wk","2491","weekly","scale2","616","ATO 2026-27 sample data"
"S3 $2491/wk","2491","weekly","scale3","747","ATO 2026-27 sample data"
"S5 $2491/wk","2491","weekly","scale5","566","ATO 2026-27 sample data"
"S6 $2491/wk","2491","weekly","scale6","591","ATO 2026-27 sample data"
"S1 $2596/wk","2596","weekly","scale1","784","ATO 2026-27 sample data"
"S2 $2596/wk","2596","weekly","scale2","648","ATO 2026-27 sample data"
"S3 $2596/wk","2596","weekly","scale3","779","ATO 2026-27 sample data"
"S5 $2596/wk","2596","weekly","scale5","597","ATO 2026-27 sample data"
"S6 $2596/wk","2596","weekly","scale6","623","ATO 2026-27 sample data"
"S1 $2736/wk","2736","weekly","scale1","839","ATO 2026-27 sample data"
"S2 $2736/wk","2736","weekly","scale2","704","ATO 2026-27 sample data"
"S3 $2736/wk","2736","weekly","scale3","831","ATO 2026-27 sample data"
"S5 $2736/wk","2736","weekly","scale5","649","ATO 2026-27 sample data"
"S6 $2736/wk","2736","weekly","scale6","677","ATO 2026-27 sample data"
"S1 $2737/wk","2737","weekly","scale1","839","ATO 2026-27 sample data"
"S2 $2737/wk","2737","weekly","scale2","704","ATO 2026-27 sample data"
"S3 $2737/wk","2737","weekly","scale3","831","ATO 2026-27 sample data"
"S5 $2737/wk","2737","weekly","scale5","650","ATO 2026-27 sample data"
"S6 $2737/wk","2737","weekly","scale6","677","ATO 2026-27 sample data"
"S1 $2898/wk","2898","weekly","scale1","902","ATO 2026-27 sample data"
"S2 $2898/wk","2898","weekly","scale2","767","ATO 2026-27 sample data"
"S3 $2898/wk","2898","weekly","scale3","891","ATO 2026-27 sample data"
"S5 $2898/wk","2898","weekly","scale5","709","ATO 2026-27 sample data"
"S6 $2898/wk","2898","weekly","scale6","738","ATO 2026-27 sample data"
"S1 $2899/wk","2899","weekly","scale1","902","ATO 2026-27 sample data"
"S2 $2899/wk","2899","weekly","scale2","768","ATO 2026-27 sample data"
"S3 $2899/wk","2899","weekly","scale3","891","ATO 2026-27 sample data"
"S5 $2899/wk","2899","weekly","scale5","710","ATO 2026-27 sample data"
"S6 $2899/wk","2899","weekly","scale6","739","ATO 2026-27 sample data"
"S1 $3302/wk","3302","weekly","scale1","1059","ATO 2026-27 sample data"
"S2 $3302/wk","3302","weekly","scale2","925","ATO 2026-27 sample data"
"S3 $3302/wk","3302","weekly","scale3","1040","ATO 2026-27 sample data"
"S5 $3302/wk","3302","weekly","scale5","859","ATO 2026-27 sample data"
"S6 $3302/wk","3302","weekly","scale6","892","ATO 2026-27 sample data"
"S1 $3652/wk","3652","weekly","scale1","1224","ATO 2026-27 sample data"
"S2 $3652/wk","3652","weekly","scale2","1061","ATO 2026-27 sample data"
"S3 $3652/wk","3652","weekly","scale3","1170","ATO 2026-27 sample data"
"S5 $3652/wk","3652","weekly","scale5","988","ATO 2026-27 sample data"
"S6 $3652/wk","3652","weekly","scale6","1025","ATO 2026-27 sample data"
"S1 $3653/wk","3653","weekly","scale1","1224","ATO 2026-27 sample data"
"S2 $3653/wk","3653","weekly","scale2","1062","ATO 2026-27 sample data"
"S3 $3653/wk","3653","weekly","scale3","1170","ATO 2026-27 sample data"
"S5 $3653/wk","3653","weekly","scale5","989","ATO 2026-27 sample data"
"S6 $3653/wk","3653","weekly","scale6","1025","ATO 2026-27 sample data"
"S1 $232/fn","232","fortnightly","scale1","34","ATO 2026-27 sample data"
"S2 $232/fn","232","fortnightly","scale2","0","ATO 2026-27 sample data"
"S3 $232/fn","232","fortnightly","scale3","70","ATO 2026-27 sample data"
"S5 $232/fn","232","fortnightly","scale5","0","ATO 2026-27 sample data"
"S6 $232/fn","232","fortnightly","scale6","0","ATO 2026-27 sample data"
"S1 $234/fn","234","fortnightly","scale1","36","ATO 2026-27 sample data"
"S2 $234/fn","234","fortnightly","scale2","0","ATO 2026-27 sample data"
"S3 $234/fn","234","fortnightly","scale3","70","ATO 2026-27 sample data"
"S5 $234/fn","234","fortnightly","scale5","0","ATO 2026-27 sample data"
"S6 $234/fn","234","fortnightly","scale6","0","ATO 2026-27 sample data"
"S1 $374/fn","374","fortnightly","scale1","56","ATO 2026-27 sample data"
"S2 $374/fn","374","fortnightly","scale2","0","ATO 2026-27 sample data"
"S3 $374/fn","374","fortnightly","scale3","112","ATO 2026-27 sample data"
"S5 $374/fn","374","fortnightly","scale5","0","ATO 2026-27 sample data"
"S6 $374/fn","374","fortnightly","scale6","0","ATO 2026-27 sample data"
"S1 $376/fn","376","fortnightly","scale1","56","ATO 2026-27 sample data"
"S2 $376/fn","376","fortnightly","scale2","0","ATO 2026-27 sample data"
"S3 $376/fn","376","fortnightly","scale3","112","ATO 2026-27 sample data"
"S5 $376/fn","376","fortnightly","scale5","0","ATO 2026-27 sample data"
"S6 $376/fn","376","fortnightly","scale6","0","ATO 2026-27 sample data"
"S1 $498/fn","498","fortnightly","scale1","82","ATO 2026-27 sample data"
"S2 $498/fn","498","fortnightly","scale2","0","ATO 2026-27 sample data"
"S3 $498/fn","498","fortnightly","scale3","150","ATO 2026-27 sample data"
"S5 $498/fn","498","fortnightly","scale5","0","ATO 2026-27 sample data"
"S6 $498/fn","498","fortnightly","scale6","0","ATO 2026-27 sample data"
"S1 $500/fn","500","fortnightly","scale1","82","ATO 2026-27 sample data"
"S2 $500/fn","500","fortnightly","scale2","0","ATO 2026-27 sample data"
"S3 $500/fn","500","fortnightly","scale3","150","ATO 2026-27 sample data"
"S5 $500/fn","500","fortnightly","scale5","0","ATO 2026-27 sample data"
"S6 $500/fn","500","fortnightly","scale6","0","ATO 2026-27 sample data"
"S1 $722/fn","722","fortnightly","scale1","128","ATO 2026-27 sample data"
"S2 $722/fn","722","fortnightly","scale2","0","ATO 2026-27 sample data"
"S3 $722/fn","722","fortnightly","scale3","216","ATO 2026-27 sample data"
"S5 $722/fn","722","fortnightly","scale5","0","ATO 2026-27 sample data"
"S6 $722/fn","722","fortnightly","scale6","0","ATO 2026-27 sample data"
"S1 $724/fn","724","fortnightly","scale1","130","ATO 2026-27 sample data"
"S2 $724/fn","724","fortnightly","scale2","0","ATO 2026-27 sample data"
"S3 $724/fn","724","fortnightly","scale3","216","ATO 2026-27 sample data"
"S5 $724/fn","724","fortnightly","scale5","0","ATO 2026-27 sample data"
"S6 $724/fn","724","fortnightly","scale6","0","ATO 2026-27 sample data"
"S1 $740/fn","740","fortnightly","scale1","132","ATO 2026-27 sample data"
"S2 $740/fn","740","fortnightly","scale2","2","ATO 2026-27 sample data"
"S3 $740/fn","740","fortnightly","scale3","222","ATO 2026-27 sample data"
"S5 $740/fn","740","fortnightly","scale5","2","ATO 2026-27 sample data"
"S6 $740/fn","740","fortnightly","scale6","2","ATO 2026-27 sample data"
"S1 $742/fn","742","fortnightly","scale1","132","ATO 2026-27 sample data"
"S2 $742/fn","742","fortnightly","scale2","2","ATO 2026-27 sample data"
"S3 $742/fn","742","fortnightly","scale3","222","ATO 2026-27 sample data"
"S5 $742/fn","742","fortnightly","scale5","2","ATO 2026-27 sample data"
"S6 $742/fn","742","fortnightly","scale6","2","ATO 2026-27 sample data"
"S1 $1028/fn","1028","fortnightly","scale1","184","ATO 2026-27 sample data"
"S2 $1028/fn","1028","fortnightly","scale2","46","ATO 2026-27 sample data"
"S3 $1028/fn","1028","fortnightly","scale3","308","ATO 2026-27 sample data"
"S5 $1028/fn","1028","fortnightly","scale5","46","ATO 2026-27 sample data"
"S6 $1028/fn","1028","fortnightly","scale6","46","ATO 2026-27 sample data"
"S1 $1030/fn","1030","fortnightly","scale1","184","ATO 2026-27 sample data"
"S2 $1030/fn","1030","fortnightly","scale2","46","ATO 2026-27 sample data"
"S3 $1030/fn","1030","fortnightly","scale3","308","ATO 2026-27 sample data"
"S5 $1030/fn","1030","fortnightly","scale5","46","ATO 2026-27 sample data"
"S6 $1030/fn","1030","fortnightly","scale6","46","ATO 2026-27 sample data"
"S1 $1074/fn","1074","fortnightly","scale1","198","ATO 2026-27 sample data"
"S2 $1074/fn","1074","fortnightly","scale2","52","ATO 2026-27 sample data"
"S3 $1074/fn","1074","fortnightly","scale3","322","ATO 2026-27 sample data"
"S5 $1074/fn","1074","fortnightly","scale5","52","ATO 2026-27 sample data"
"S6 $1074/fn","1074","fortnightly","scale6","52","ATO 2026-27 sample data"
"S1 $1076/fn","1076","fortnightly","scale1","200","ATO 2026-27 sample data"
"S2 $1076/fn","1076","fortnightly","scale2","54","ATO 2026-27 sample data"
"S3 $1076/fn","1076","fortnightly","scale3","322","ATO 2026-27 sample data"
"S5 $1076/fn","1076","fortnightly","scale5","54","ATO 2026-27 sample data"
"S6 $1076/fn","1076","fortnightly","scale6","54","ATO 2026-27 sample data"
"S1 $1344/fn","1344","fortnightly","scale1","286","ATO 2026-27 sample data"
"S2 $1344/fn","1344","fortnightly","scale2","120","ATO 2026-27 sample data"
"S3 $1344/fn","1344","fortnightly","scale3","404","ATO 2026-27 sample data"
"S5 $1344/fn","1344","fortnightly","scale5","94","ATO 2026-27 sample data"
"S6 $1344/fn","1344","fortnightly","scale6","94","ATO 2026-27 sample data"
"S1 $1346/fn","1346","fortnightly","scale1","286","ATO 2026-27 sample data"
"S2 $1346/fn","1346","fortnightly","scale2","120","ATO 2026-27 sample data"
"S3 $1346/fn","1346","fortnightly","scale3","404","ATO 2026-27 sample data"
"S5 $1346/fn","1346","fortnightly","scale5","94","ATO 2026-27 sample data"
"S6 $1346/fn","1346","fortnightly","scale6","94","ATO 2026-27 sample data"
"S1 $1440/fn","1440","fortnightly","scale1","316","ATO 2026-27 sample data"
"S2 $1440/fn","1440","fortnightly","scale2","136","ATO 2026-27 sample data"
"S3 $1440/fn","1440","fortnightly","scale3","432","ATO 2026-27 sample data"
"S5 $1440/fn","1440","fortnightly","scale5","108","ATO 2026-27 sample data"
"S6 $1440/fn","1440","fortnightly","scale6","108","ATO 2026-27 sample data"
"S1 $1442/fn","1442","fortnightly","scale1","316","ATO 2026-27 sample data"
"S2 $1442/fn","1442","fortnightly","scale2","136","ATO 2026-27 sample data"
"S3 $1442/fn","1442","fortnightly","scale3","432","ATO 2026-27 sample data"
"S5 $1442/fn","1442","fortnightly","scale5","108","ATO 2026-27 sample data"
"S6 $1442/fn","1442","fortnightly","scale6","108","ATO 2026-27 sample data"
"S1 $1728/fn","1728","fortnightly","scale1","410","ATO 2026-27 sample data"
"S2 $1728/fn","1728","fortnightly","scale2","188","ATO 2026-27 sample data"
"S3 $1728/fn","1728","fortnightly","scale3","518","ATO 2026-27 sample data"
"S5 $1728/fn","1728","fortnightly","scale5","154","ATO 2026-27 sample data"
"S6 $1728/fn","1728","fortnightly","scale6","154","ATO 2026-27 sample data"
"S1 $1730/fn","1730","fortnightly","scale1","410","ATO 2026-27 sample data"
"S2 $1730/fn","1730","fortnightly","scale2","188","ATO 2026-27 sample data"
"S3 $1730/fn","1730","fortnightly","scale3","518","ATO 2026-27 sample data"
"S5 $1730/fn","1730","fortnightly","scale5","154","ATO 2026-27 sample data"
"S6 $1730/fn","1730","fortnightly","scale6","154","ATO 2026-27 sample data"
"S1 $1814/fn","1814","fortnightly","scale1","438","ATO 2026-27 sample data"
"S2 $1814/fn","1814","fortnightly","scale2","216","ATO 2026-27 sample data"
"S3 $1814/fn","1814","fortnightly","scale3","544","ATO 2026-27 sample data"
"S5 $1814/fn","1814","fortnightly","scale5","180","ATO 2026-27 sample data"
"S6 $1814/fn","1814","fortnightly","scale6","180","ATO 2026-27 sample data"
"S1 $1816/fn","1816","fortnightly","scale1","438","ATO 2026-27 sample data"
"S2 $1816/fn","1816","fortnightly","scale2","216","ATO 2026-27 sample data"
"S3 $1816/fn","1816","fortnightly","scale3","544","ATO 2026-27 sample data"
"S5 $1816/fn","1816","fortnightly","scale5","180","ATO 2026-27 sample data"
"S6 $1816/fn","1816","fortnightly","scale6","180","ATO 2026-27 sample data"
"S1 $1862/fn","1862","fortnightly","scale1","454","ATO 2026-27 sample data"
"S2 $1862/fn","1862","fortnightly","scale2","232","ATO 2026-27 sample data"
"S3 $1862/fn","1862","fortnightly","scale3","558","ATO 2026-27 sample data"
"S5 $1862/fn","1862","fortnightly","scale5","194","ATO 2026-27 sample data"
"S6 $1862/fn","1862","fortnightly","scale6","196","ATO 2026-27 sample data"
"S1 $1864/fn","1864","fortnightly","scale1","454","ATO 2026-27 sample data"
"S2 $1864/fn","1864","fortnightly","scale2","232","ATO 2026-27 sample data"
"S3 $1864/fn","1864","fortnightly","scale3","560","ATO 2026-27 sample data"
"S5 $1864/fn","1864","fortnightly","scale5","194","ATO 2026-27 sample data"
"S6 $1864/fn","1864","fortnightly","scale6","196","ATO 2026-27 sample data"
"S1 $2268/fn","2268","fortnightly","scale1","584","ATO 2026-27 sample data"
"S2 $2268/fn","2268","fortnightly","scale2","362","ATO 2026-27 sample data"
"S3 $2268/fn","2268","fortnightly","scale3","680","ATO 2026-27 sample data"
"S5 $2268/fn","2268","fortnightly","scale5","316","ATO 2026-27 sample data"
"S6 $2268/fn","2268","fortnightly","scale6","340","ATO 2026-27 sample data"
"S1 $2270/fn","2270","fortnightly","scale1","584","ATO 2026-27 sample data"
"S2 $2270/fn","2270","fortnightly","scale2","362","ATO 2026-27 sample data"
"S3 $2270/fn","2270","fortnightly","scale3","680","ATO 2026-27 sample data"
"S5 $2270/fn","2270","fortnightly","scale5","318","ATO 2026-27 sample data"
"S6 $2270/fn","2270","fortnightly","scale6","340","ATO 2026-27 sample data"
"S1 $2562/fn","2562","fortnightly","scale1","678","ATO 2026-27 sample data"
"S2 $2562/fn","2562","fortnightly","scale2","458","ATO 2026-27 sample data"
"S3 $2562/fn","2562","fortnightly","scale3","768","ATO 2026-27 sample data"
"S5 $2562/fn","2562","fortnightly","scale5","406","ATO 2026-27 sample data"
"S6 $2562/fn","2562","fortnightly","scale6","432","ATO 2026-27 sample data"
"S1 $2564/fn","2564","fortnightly","scale1","678","ATO 2026-27 sample data"
"S2 $2564/fn","2564","fortnightly","scale2","458","ATO 2026-27 sample data"
"S3 $2564/fn","2564","fortnightly","scale3","770","ATO 2026-27 sample data"
"S5 $2564/fn","2564","fortnightly","scale5","406","ATO 2026-27 sample data"
"S6 $2564/fn","2564","fortnightly","scale6","432","ATO 2026-27 sample data"
"S1 $3688/fn","3688","fortnightly","scale1","1038","ATO 2026-27 sample data"
"S2 $3688/fn","3688","fortnightly","scale2","818","ATO 2026-27 sample data"
"S3 $3688/fn","3688","fortnightly","scale3","1106","ATO 2026-27 sample data"
"S5 $3688/fn","3688","fortnightly","scale5","744","ATO 2026-27 sample data"
"S6 $3688/fn","3688","fortnightly","scale6","780","ATO 2026-27 sample data"
"S1 $3690/fn","3690","fortnightly","scale1","1038","ATO 2026-27 sample data"
"S2 $3690/fn","3690","fortnightly","scale2","818","ATO 2026-27 sample data"
"S3 $3690/fn","3690","fortnightly","scale3","1106","ATO 2026-27 sample data"
"S5 $3690/fn","3690","fortnightly","scale5","744","ATO 2026-27 sample data"
"S6 $3690/fn","3690","fortnightly","scale6","782","ATO 2026-27 sample data"
"S1 $4238/fn","4238","fortnightly","scale1","1214","ATO 2026-27 sample data"
"S2 $4238/fn","4238","fortnightly","scale2","994","ATO 2026-27 sample data"
"S3 $4238/fn","4238","fortnightly","scale3","1272","ATO 2026-27 sample data"
"S5 $4238/fn","4238","fortnightly","scale5","908","ATO 2026-27 sample data"
"S6 $4238/fn","4238","fortnightly","scale6","950","ATO 2026-27 sample data"
"S1 $4240/fn","4240","fortnightly","scale1","1214","ATO 2026-27 sample data"
"S2 $4240/fn","4240","fortnightly","scale2","994","ATO 2026-27 sample data"
"S3 $4240/fn","4240","fortnightly","scale3","1272","ATO 2026-27 sample data"
"S5 $4240/fn","4240","fortnightly","scale5","910","ATO 2026-27 sample data"
"S6 $4240/fn","4240","fortnightly","scale6","952","ATO 2026-27 sample data"
"S1 $4490/fn","4490","fortnightly","scale1","1294","ATO 2026-27 sample data"
"S2 $4490/fn","4490","fortnightly","scale2","1074","ATO 2026-27 sample data"
"S3 $4490/fn","4490","fortnightly","scale3","1346","ATO 2026-27 sample data"
"S5 $4490/fn","4490","fortnightly","scale5","984","ATO 2026-27 sample data"
"S6 $4490/fn","4490","fortnightly","scale6","1030","ATO 2026-27 sample data"
"S1 $4492/fn","4492","fortnightly","scale1","1294","ATO 2026-27 sample data"
"S2 $4492/fn","4492","fortnightly","scale2","1074","ATO 2026-27 sample data"
"S3 $4492/fn","4492","fortnightly","scale3","1348","ATO 2026-27 sample data"
"S5 $4492/fn","4492","fortnightly","scale5","984","ATO 2026-27 sample data"
"S6 $4492/fn","4492","fortnightly","scale6","1030","ATO 2026-27 sample data"
"S1 $4980/fn","4980","fortnightly","scale1","1486","ATO 2026-27 sample data"
"S2 $4980/fn","4980","fortnightly","scale2","1230","ATO 2026-27 sample data"
"S3 $4980/fn","4980","fortnightly","scale3","1494","ATO 2026-27 sample data"
"S5 $4980/fn","4980","fortnightly","scale5","1132","ATO 2026-27 sample data"
"S6 $4980/fn","4980","fortnightly","scale6","1180","ATO 2026-27 sample data"
"S1 $4982/fn","4982","fortnightly","scale1","1486","ATO 2026-27 sample data"
"S2 $4982/fn","4982","fortnightly","scale2","1232","ATO 2026-27 sample data"
"S3 $4982/fn","4982","fortnightly","scale3","1494","ATO 2026-27 sample data"
"S5 $4982/fn","4982","fortnightly","scale5","1132","ATO 2026-27 sample data"
"S6 $4982/fn","4982","fortnightly","scale6","1182","ATO 2026-27 sample data"
"S1 $5190/fn","5190","fortnightly","scale1","1568","ATO 2026-27 sample data"
"S2 $5190/fn","5190","fortnightly","scale2","1298","ATO 2026-27 sample data"
"S3 $5190/fn","5190","fortnightly","scale3","1556","ATO 2026-27 sample data"
"S5 $5190/fn","5190","fortnightly","scale5","1194","ATO 2026-27 sample data"
"S6 $5190/fn","5190","fortnightly","scale6","1246","ATO 2026-27 sample data"
"S1 $5192/fn","5192","fortnightly","scale1","1568","ATO 2026-27 sample data"
"S2 $5192/fn","5192","fortnightly","scale2","1298","ATO 2026-27 sample data"
"S3 $5192/fn","5192","fortnightly","scale3","1558","ATO 2026-27 sample data"
"S5 $5192/fn","5192","fortnightly","scale5","1194","ATO 2026-27 sample data"
"S6 $5192/fn","5192","fortnightly","scale6","1246","ATO 2026-27 sample data"
"S1 $5304/fn","5304","fortnightly","scale1","1612","ATO 2026-27 sample data"
"S2 $5304/fn","5304","fortnightly","scale2","1342","ATO 2026-27 sample data"
"S3 $5304/fn","5304","fortnightly","scale3","1600","ATO 2026-27 sample data"
"S5 $5304/fn","5304","fortnightly","scale5","1236","ATO 2026-27 sample data"
"S6 $5304/fn","5304","fortnightly","scale6","1290","ATO 2026-27 sample data"
"S1 $5306/fn","5306","fortnightly","scale1","1612","ATO 2026-27 sample data"
"S2 $5306/fn","5306","fortnightly","scale2","1344","ATO 2026-27 sample data"
"S3 $5306/fn","5306","fortnightly","scale3","1600","ATO 2026-27 sample data"
"S5 $5306/fn","5306","fortnightly","scale5","1238","ATO 2026-27 sample data"
"S6 $5306/fn","5306","fortnightly","scale6","1290","ATO 2026-27 sample data"
"S1 $5472/fn","5472","fortnightly","scale1","1678","ATO 2026-27 sample data"
"S2 $5472/fn","5472","fortnightly","scale2","1408","ATO 2026-27 sample data"
"S3 $5472/fn","5472","fortnightly","scale3","1662","ATO 2026-27 sample data"
"S5 $5472/fn","5472","fortnightly","scale5","1300","ATO 2026-27 sample data"
"S6 $5472/fn","5472","fortnightly","scale6","1354","ATO 2026-27 sample data"
"S1 $5474/fn","5474","fortnightly","scale1","1678","ATO 2026-27 sample data"
"S2 $5474/fn","5474","fortnightly","scale2","1408","ATO 2026-27 sample data"
"S3 $5474/fn","5474","fortnightly","scale3","1662","ATO 2026-27 sample data"
"S5 $5474/fn","5474","fortnightly","scale5","1300","ATO 2026-27 sample data"
"S6 $5474/fn","5474","fortnightly","scale6","1354","ATO 2026-27 sample data"
"S1 $5796/fn","5796","fortnightly","scale1","1804","ATO 2026-27 sample data"
"S2 $5796/fn","5796","fortnightly","scale2","1534","ATO 2026-27 sample data"
"S3 $5796/fn","5796","fortnightly","scale3","1782","ATO 2026-27 sample data"
"S5 $5796/fn","5796","fortnightly","scale5","1418","ATO 2026-27 sample data"
"S6 $5796/fn","5796","fortnightly","scale6","1476","ATO 2026-27 sample data"
"S1 $5798/fn","5798","fortnightly","scale1","1804","ATO 2026-27 sample data"
"S2 $5798/fn","5798","fortnightly","scale2","1534","ATO 2026-27 sample data"
"S3 $5798/fn","5798","fortnightly","scale3","1782","ATO 2026-27 sample data"
"S5 $5798/fn","5798","fortnightly","scale5","1420","ATO 2026-27 sample data"
"S6 $5798/fn","5798","fortnightly","scale6","1478","ATO 2026-27 sample data"
"S1 $6604/fn","6604","fortnightly","scale1","2118","ATO 2026-27 sample data"
"S2 $6604/fn","6604","fortnightly","scale2","1850","ATO 2026-27 sample data"
"S3 $6604/fn","6604","fortnightly","scale3","2080","ATO 2026-27 sample data"
"S5 $6604/fn","6604","fortnightly","scale5","1718","ATO 2026-27 sample data"
"S6 $6604/fn","6604","fortnightly","scale6","1784","ATO 2026-27 sample data"
"S1 $6606/fn","6606","fortnightly","scale1","2120","ATO 2026-27 sample data"
"S2 $6606/fn","6606","fortnightly","scale2","1850","ATO 2026-27 sample data"
"S3 $6606/fn","6606","fortnightly","scale3","2082","ATO 2026-27 sample data"
"S5 $6606/fn","6606","fortnightly","scale5","1718","ATO 2026-27 sample data"
"S6 $6606/fn","6606","fortnightly","scale6","1784","ATO 2026-27 sample data"
"S1 $7304/fn","7304","fortnightly","scale1","2448","ATO 2026-27 sample data"
"S2 $7304/fn","7304","fortnightly","scale2","2122","ATO 2026-27 sample data"
"S3 $7304/fn","7304","fortnightly","scale3","2340","ATO 2026-27 sample data"
"S5 $7304/fn","7304","fortnightly","scale5","1976","ATO 2026-27 sample data"
"S6 $7304/fn","7304","fortnightly","scale6","2050","ATO 2026-27 sample data"
"S1 $7306/fn","7306","fortnightly","scale1","2448","ATO 2026-27 sample data"
"S2 $7306/fn","7306","fortnightly","scale2","2124","ATO 2026-27 sample data"
"S3 $7306/fn","7306","fortnightly","scale3","2340","ATO 2026-27 sample data"
"S5 $7306/fn","7306","fortnightly","scale5","1978","ATO 2026-27 sample data"
"S6 $7306/fn","7306","fortnightly","scale6","2050","ATO 2026-27 sample data"
"S1 $502.67/mo","502.67","monthly","scale1","78","ATO 2026-27 sample data"
"S2 $502.67/mo","502.67","monthly","scale2","0","ATO 2026-27 sample data"
"S3 $502.67/mo","502.67","monthly","scale3","152","ATO 2026-27 sample data"
"S5 $502.67/mo","502.67","monthly","scale5","0","ATO 2026-27 sample data"
"S6 $502.67/mo","502.67","monthly","scale6","0","ATO 2026-27 sample data"
"S1 $507/mo","507.00","monthly","scale1","78","ATO 2026-27 sample data"
"S2 $507/mo","507.00","monthly","scale2","0","ATO 2026-27 sample data"
"S3 $507/mo","507.00","monthly","scale3","152","ATO 2026-27 sample data"
"S5 $507/mo","507.00","monthly","scale5","0","ATO 2026-27 sample data"
"S6 $507/mo","507.00","monthly","scale6","0","ATO 2026-27 sample data"
"S1 $810.33/mo","810.33","monthly","scale1","121","ATO 2026-27 sample data"
"S2 $810.33/mo","810.33","monthly","scale2","0","ATO 2026-27 sample data"
"S3 $810.33/mo","810.33","monthly","scale3","243","ATO 2026-27 sample data"
"S5 $810.33/mo","810.33","monthly","scale5","0","ATO 2026-27 sample data"
"S6 $810.33/mo","810.33","monthly","scale6","0","ATO 2026-27 sample data"
"S1 $814.67/mo","814.67","monthly","scale1","121","ATO 2026-27 sample data"
"S2 $814.67/mo","814.67","monthly","scale2","0","ATO 2026-27 sample data"
"S3 $814.67/mo","814.67","monthly","scale3","243","ATO 2026-27 sample data"
"S5 $814.67/mo","814.67","monthly","scale5","0","ATO 2026-27 sample data"
"S6 $814.67/mo","814.67","monthly","scale6","0","ATO 2026-27 sample data"
"S1 $1079/mo","1079.00","monthly","scale1","178","ATO 2026-27 sample data"
"S2 $1079/mo","1079.00","monthly","scale2","0","ATO 2026-27 sample data"
"S3 $1079/mo","1079.00","monthly","scale3","325","ATO 2026-27 sample data"
"S5 $1079/mo","1079.00","monthly","scale5","0","ATO 2026-27 sample data"
"S6 $1079/mo","1079.00","monthly","scale6","0","ATO 2026-27 sample data"
"S1 $1083.33/mo","1083.33","monthly","scale1","178","ATO 2026-27 sample data"
"S2 $1083.33/mo","1083.33","monthly","scale2","0","ATO 2026-27 sample data"
"S3 $1083.33/mo","1083.33","monthly","scale3","325","ATO 2026-27 sample data"
"S5 $1083.33/mo","1083.33","monthly","scale5","0","ATO 2026-27 sample data"
"S6 $1083.33/mo","1083.33","monthly","scale6","0","ATO 2026-27 sample data"
"S1 $1568.67/mo","1568.67","monthly","scale1","282","ATO 2026-27 sample data"
"S2 $1568.67/mo","1568.67","monthly","scale2","4","ATO 2026-27 sample data"
"S3 $1568.67/mo","1568.67","monthly","scale3","472","ATO 2026-27 sample data"
"S5 $1568.67/mo","1568.67","monthly","scale5","4","ATO 2026-27 sample data"
"S6 $1568.67/mo","1568.67","monthly","scale6","4","ATO 2026-27 sample data"
"S1 $1603.33/mo","1603.33","monthly","scale1","286","ATO 2026-27 sample data"
"S2 $1603.33/mo","1603.33","monthly","scale2","4","ATO 2026-27 sample data"
"S3 $1603.33/mo","1603.33","monthly","scale3","481","ATO 2026-27 sample data"
"S5 $1603.33/mo","1603.33","monthly","scale5","4","ATO 2026-27 sample data"
"S6 $1603.33/mo","1603.33","monthly","scale6","4","ATO 2026-27 sample data"
"S1 $2231.67/mo","2231.67","monthly","scale1","399","ATO 2026-27 sample data"
"S2 $2231.67/mo","2231.67","monthly","scale2","100","ATO 2026-27 sample data"
"S3 $2231.67/mo","2231.67","monthly","scale3","667","ATO 2026-27 sample data"
"S5 $2231.67/mo","2231.67","monthly","scale5","100","ATO 2026-27 sample data"
"S6 $2231.67/mo","2231.67","monthly","scale6","100","ATO 2026-27 sample data"
"S1 $2327/mo","2327.00","monthly","scale1","429","ATO 2026-27 sample data"
"S2 $2327/mo","2327.00","monthly","scale2","100","ATO 2026-27 sample data"
"S3 $2327/mo","2327.00","monthly","scale3","698","ATO 2026-27 sample data"
"S5 $2327/mo","2327.00","monthly","scale5","113","ATO 2026-27 sample data"
"S6 $2327/mo","2327.00","monthly","scale6","113","ATO 2026-27 sample data"
"S1 $2331.33/mo","2331.33","monthly","scale1","433","ATO 2026-27 sample data"
"S2 $2331.33/mo","2331.33","monthly","scale2","117","ATO 2026-27 sample data"
"S3 $2331.33/mo","2331.33","monthly","scale3","698","ATO 2026-27 sample data"
"S5 $2331.33/mo","2331.33","monthly","scale5","117","ATO 2026-27 sample data"
"S6 $2331.33/mo","2331.33","monthly","scale6","117","ATO 2026-27 sample data"
"S1 $2912/mo","2912.00","monthly","scale1","620","ATO 2026-27 sample data"
"S2 $2912/mo","2912.00","monthly","scale2","260","ATO 2026-27 sample data"
"S3 $2912/mo","2912.00","monthly","scale3","875","ATO 2026-27 sample data"
"S5 $2912/mo","2912.00","monthly","scale5","204","ATO 2026-27 sample data"
"S6 $2912/mo","2912.00","monthly","scale6","204","ATO 2026-27 sample data"
"S1 $2916.33/mo","2916.33","monthly","scale1","620","ATO 2026-27 sample data"
"S2 $2916.33/mo","2916.33","monthly","scale2","260","ATO 2026-27 sample data"
"S3 $2916.33/mo","2916.33","monthly","scale3","875","ATO 2026-27 sample data"
"S5 $2916.33/mo","2916.33","monthly","scale5","204","ATO 2026-27 sample data"
"S6 $2916.33/mo","2916.33","monthly","scale6","204","ATO 2026-27 sample data"
"S1 $3120/mo","3120.00","monthly","scale1","685","ATO 2026-27 sample data"
"S2 $3120/mo","3120.00","monthly","scale2","295","ATO 2026-27 sample data"
"S3 $3120/mo","3120.00","monthly","scale3","936","ATO 2026-27 sample data"
"S5 $3120/mo","3120.00","monthly","scale5","234","ATO 2026-27 sample data"
"S6 $3120/mo","3120.00","monthly","scale6","234","ATO 2026-27 sample data"
"S1 $3124.33/mo","3124.33","monthly","scale1","689","ATO 2026-27 sample data"
"S2 $3124.33/mo","3124.33","monthly","scale2","295","ATO 2026-27 sample data"
"S3 $3124.33/mo","3124.33","monthly","scale3","936","ATO 2026-27 sample data"
"S5 $3124.33/mo","3124.33","monthly","scale5","234","ATO 2026-27 sample data"
"S6 $3124.33/mo","3124.33","monthly","scale6","234","ATO 2026-27 sample data"
"S1 $3744/mo","3744.00","monthly","scale1","888","ATO 2026-27 sample data"
"S2 $3744/mo","3744.00","monthly","scale2","407","ATO 2026-27 sample data"
"S3 $3744/mo","3744.00","monthly","scale3","1122","ATO 2026-27 sample data"
"S5 $3744/mo","3744.00","monthly","scale5","334","ATO 2026-27 sample data"
"S6 $3744/mo","3744.00","monthly","scale6","334","ATO 2026-27 sample data"
"S1 $3748.33/mo","3748.33","monthly","scale1","888","ATO 2026-27 sample data"
"S2 $3748.33/mo","3748.33","monthly","scale2","407","ATO 2026-27 sample data"
"S3 $3748.33/mo","3748.33","monthly","scale3","1122","ATO 2026-27 sample data"
"S5 $3748.33/mo","3748.33","monthly","scale5","334","ATO 2026-27 sample data"
"S6 $3748.33/mo","3748.33","monthly","scale6","334","ATO 2026-27 sample data"
"S1 $3930.33/mo","3930.33","monthly","scale1","949","ATO 2026-27 sample data"
"S2 $3930.33/mo","3930.33","monthly","scale2","468","ATO 2026-27 sample data"
"S3 $3930.33/mo","3930.33","monthly","scale3","1179","ATO 2026-27 sample data"
"S5 $3930.33/mo","3930.33","monthly","scale5","390","ATO 2026-27 sample data"
"S6 $3930.33/mo","3930.33","monthly","scale6","390","ATO 2026-27 sample data"
"S1 $3934.67/mo","3934.67","monthly","scale1","949","ATO 2026-27 sample data"
"S2 $3934.67/mo","3934.67","monthly","scale2","468","ATO 2026-27 sample data"
"S3 $3934.67/mo","3934.67","monthly","scale3","1179","ATO 2026-27 sample data"
"S5 $3934.67/mo","3934.67","monthly","scale5","390","ATO 2026-27 sample data"
"S6 $3934.67/mo","3934.67","monthly","scale6","390","ATO 2026-27 sample data"
"S1 $4034.33/mo","4034.33","monthly","scale1","984","ATO 2026-27 sample data"
"S2 $4034.33/mo","4034.33","monthly","scale2","503","ATO 2026-27 sample data"
"S3 $4034.33/mo","4034.33","monthly","scale3","1209","ATO 2026-27 sample data"
"S5 $4034.33/mo","4034.33","monthly","scale5","420","ATO 2026-27 sample data"
"S6 $4034.33/mo","4034.33","monthly","scale6","425","ATO 2026-27 sample data"
"S1 $4038.67/mo","4038.67","monthly","scale1","984","ATO 2026-27 sample data"
"S2 $4038.67/mo","4038.67","monthly","scale2","503","ATO 2026-27 sample data"
"S3 $4038.67/mo","4038.67","monthly","scale3","1213","ATO 2026-27 sample data"
"S5 $4038.67/mo","4038.67","monthly","scale5","420","ATO 2026-27 sample data"
"S6 $4038.67/mo","4038.67","monthly","scale6","425","ATO 2026-27 sample data"
"S1 $4914/mo","4914.00","monthly","scale1","1265","ATO 2026-27 sample data"
"S2 $4914/mo","4914.00","monthly","scale2","784","ATO 2026-27 sample data"
"S3 $4914/mo","4914.00","monthly","scale3","1473","ATO 2026-27 sample data"
"S5 $4914/mo","4914.00","monthly","scale5","689","ATO 2026-27 sample data"
"S6 $4914/mo","4914.00","monthly","scale6","737","ATO 2026-27 sample data"
"S1 $4918.33/mo","4918.33","monthly","scale1","1265","ATO 2026-27 sample data"
"S2 $4918.33/mo","4918.33","monthly","scale2","784","ATO 2026-27 sample data"
"S3 $4918.33/mo","4918.33","monthly","scale3","1473","ATO 2026-27 sample data"
"S5 $4918.33/mo","4918.33","monthly","scale5","689","ATO 2026-27 sample data"
"S6 $4918.33/mo","4918.33","monthly","scale6","737","ATO 2026-27 sample data"
"S1 $5551/mo","5551.00","monthly","scale1","1469","ATO 2026-27 sample data"
"S2 $5551/mo","5551.00","monthly","scale2","992","ATO 2026-27 sample data"
"S3 $5551/mo","5551.00","monthly","scale3","1664","ATO 2026-27 sample data"
"S5 $5551/mo","5551.00","monthly","scale5","880","ATO 2026-27 sample data"
"S6 $5551/mo","5551.00","monthly","scale6","936","ATO 2026-27 sample data"
"S1 $5555.33/mo","5555.33","monthly","scale1","1469","ATO 2026-27 sample data"
"S2 $5555.33/mo","5555.33","monthly","scale2","992","ATO 2026-27 sample data"
"S3 $5555.33/mo","5555.33","monthly","scale3","1668","ATO 2026-27 sample data"
"S5 $5555.33/mo","5555.33","monthly","scale5","880","ATO 2026-27 sample data"
"S6 $5555.33/mo","5555.33","monthly","scale6","936","ATO 2026-27 sample data"
"S1 $7990.67/mo","7990.67","monthly","scale1","2249","ATO 2026-27 sample data"
"S2 $7990.67/mo","7990.67","monthly","scale2","1772","ATO 2026-27 sample data"
"S3 $7990.67/mo","7990.67","monthly","scale3","2396","ATO 2026-27 sample data"
"S5 $7990.67/mo","7990.67","monthly","scale5","1612","ATO 2026-27 sample data"
"S6 $7990.67/mo","7990.67","monthly","scale6","1694","ATO 2026-27 sample data"
"S1 $7995/mo","7995.00","monthly","scale1","2249","ATO 2026-27 sample data"
"S2 $7995/mo","7995.00","monthly","scale2","1772","ATO 2026-27 sample data"
"S3 $7995/mo","7995.00","monthly","scale3","2396","ATO 2026-27 sample data"
"S5 $7995/mo","7995.00","monthly","scale5","1612","ATO 2026-27 sample data"
"S6 $7995/mo","7995.00","monthly","scale6","1694","ATO 2026-27 sample data"
"S1 $9182.33/mo","9182.33","monthly","scale1","2630","ATO 2026-27 sample data"
"S2 $9182.33/mo","9182.33","monthly","scale2","2154","ATO 2026-27 sample data"
"S3 $9182.33/mo","9182.33","monthly","scale3","2756","ATO 2026-27 sample data"
"S5 $9182.33/mo","9182.33","monthly","scale5","1967","ATO 2026-27 sample data"
"S6 $9182.33/mo","9182.33","monthly","scale6","2058","ATO 2026-27 sample data"
"S1 $9186.67/mo","9186.67","monthly","scale1","2630","ATO 2026-27 sample data"
"S2 $9186.67/mo","9186.67","monthly","scale2","2154","ATO 2026-27 sample data"
"S3 $9186.67/mo","9186.67","monthly","scale3","2756","ATO 2026-27 sample data"
"S5 $9186.67/mo","9186.67","monthly","scale5","1972","ATO 2026-27 sample data"
"S6 $9186.67/mo","9186.67","monthly","scale6","2063","ATO 2026-27 sample data"
"S1 $9728.33/mo","9728.33","monthly","scale1","2804","ATO 2026-27 sample data"
"S2 $9728.33/mo","9728.33","monthly","scale2","2327","ATO 2026-27 sample data"
"S3 $9728.33/mo","9728.33","monthly","scale3","2916","ATO 2026-27 sample data"
"S5 $9728.33/mo","9728.33","monthly","scale5","2132","ATO 2026-27 sample data"
"S6 $9728.33/mo","9728.33","monthly","scale6","2232","ATO 2026-27 sample data"
"S1 $9732.67/mo","9732.67","monthly","scale1","2804","ATO 2026-27 sample data"
"S2 $9732.67/mo","9732.67","monthly","scale2","2327","ATO 2026-27 sample data"
"S3 $9732.67/mo","9732.67","monthly","scale3","2916","ATO 2026-27 sample data"
"S5 $9732.67/mo","9732.67","monthly","scale5","2132","ATO 2026-27 sample data"
"S6 $9732.67/mo","9732.67","monthly","scale6","2232","ATO 2026-27 sample data"
"S1 $10790/mo","10790.00","monthly","scale1","3220","ATO 2026-27 sample data"
"S2 $10790/mo","10790.00","monthly","scale2","2669","ATO 2026-27 sample data"
"S3 $10790/mo","10790.00","monthly","scale3","3237","ATO 2026-27 sample data"
"S5 $10790/mo","10790.00","monthly","scale5","2453","ATO 2026-27 sample data"
"S6 $10790/mo","10790.00","monthly","scale6","2560","ATO 2026-27 sample data"
"S1 $10794.33/mo","10794.33","monthly","scale1","3220","ATO 2026-27 sample data"
"S2 $10794.33/mo","10794.33","monthly","scale2","2669","ATO 2026-27 sample data"
"S3 $10794.33/mo","10794.33","monthly","scale3","3237","ATO 2026-27 sample data"
"S5 $10794.33/mo","10794.33","monthly","scale5","2453","ATO 2026-27 sample data"
"S6 $10794.33/mo","10794.33","monthly","scale6","2561","ATO 2026-27 sample data"
"S1 $11245/mo","11245.00","monthly","scale1","3397","ATO 2026-27 sample data"
"S2 $11245/mo","11245.00","monthly","scale2","2812","ATO 2026-27 sample data"
"S3 $11245/mo","11245.00","monthly","scale3","3371","ATO 2026-27 sample data"
"S5 $11245/mo","11245.00","monthly","scale5","2587","ATO 2026-27 sample data"
"S6 $11245/mo","11245.00","monthly","scale6","2700","ATO 2026-27 sample data"
"S1 $11249.33/mo","11249.33","monthly","scale1","3397","ATO 2026-27 sample data"
"S2 $11249.33/mo","11249.33","monthly","scale2","2812","ATO 2026-27 sample data"
"S3 $11249.33/mo","11249.33","monthly","scale3","3371","ATO 2026-27 sample data"
"S5 $11249.33/mo","11249.33","monthly","scale5","2587","ATO 2026-27 sample data"
"S6 $11249.33/mo","11249.33","monthly","scale6","2700","ATO 2026-27 sample data"
"S1 $11492/mo","11492.00","monthly","scale1","3493","ATO 2026-27 sample data"
"S2 $11492/mo","11492.00","monthly","scale2","2908","ATO 2026-27 sample data"
"S3 $11492/mo","11492.00","monthly","scale3","3467","ATO 2026-27 sample data"
"S5 $11492/mo","11492.00","monthly","scale5","2678","ATO 2026-27 sample data"
"S6 $11492/mo","11492.00","monthly","scale6","2795","ATO 2026-27 sample data"
"S1 $11496.33/mo","11496.33","monthly","scale1","3493","ATO 2026-27 sample data"
"S2 $11496.33/mo","11496.33","monthly","scale2","2912","ATO 2026-27 sample data"
"S3 $11496.33/mo","11496.33","monthly","scale3","3467","ATO 2026-27 sample data"
"S5 $11496.33/mo","11496.33","monthly","scale5","2682","ATO 2026-27 sample data"
"S6 $11496.33/mo","11496.33","monthly","scale6","2795","ATO 2026-27 sample data"
"S1 $11856/mo","11856.00","monthly","scale1","3636","ATO 2026-27 sample data"
"S2 $11856/mo","11856.00","monthly","scale2","3051","ATO 2026-27 sample data"
"S3 $11856/mo","11856.00","monthly","scale3","3601","ATO 2026-27 sample data"
"S5 $11856/mo","11856.00","monthly","scale5","2812","ATO 2026-27 sample data"
"S6 $11856/mo","11856.00","monthly","scale6","2934","ATO 2026-27 sample data"
"S1 $11860.33/mo","11860.33","monthly","scale1","3636","ATO 2026-27 sample data"
"S2 $11860.33/mo","11860.33","monthly","scale2","3051","ATO 2026-27 sample data"
"S3 $11860.33/mo","11860.33","monthly","scale3","3601","ATO 2026-27 sample data"
"S5 $11860.33/mo","11860.33","monthly","scale5","2817","ATO 2026-27 sample data"
"S6 $11860.33/mo","11860.33","monthly","scale6","2934","ATO 2026-27 sample data"
"S1 $12558/mo","12558.00","monthly","scale1","3909","ATO 2026-27 sample data"
"S2 $12558/mo","12558.00","monthly","scale2","3324","ATO 2026-27 sample data"
"S3 $12558/mo","12558.00","monthly","scale3","3861","ATO 2026-27 sample data"
"S5 $12558/mo","12558.00","monthly","scale5","3072","ATO 2026-27 sample data"
"S6 $12558/mo","12558.00","monthly","scale6","3198","ATO 2026-27 sample data"
"S1 $12562.33/mo","12562.33","monthly","scale1","3909","ATO 2026-27 sample data"
"S2 $12562.33/mo","12562.33","monthly","scale2","3328","ATO 2026-27 sample data"
"S3 $12562.33/mo","12562.33","monthly","scale3","3861","ATO 2026-27 sample data"
"S5 $12562.33/mo","12562.33","monthly","scale5","3077","ATO 2026-27 sample data"
"S6 $12562.33/mo","12562.33","monthly","scale6","3202","ATO 2026-27 sample data"
"S1 $14308.67/mo","14308.67","monthly","scale1","4593","ATO 2026-27 sample data"
"S2 $14308.67/mo","14308.67","monthly","scale2","4008","ATO 2026-27 sample data"
"S3 $14308.67/mo","14308.67","monthly","scale3","4511","ATO 2026-27 sample data"
"S5 $14308.67/mo","14308.67","monthly","scale5","3722","ATO 2026-27 sample data"
"S6 $14308.67/mo","14308.67","monthly","scale6","3865","ATO 2026-27 sample data"
"S1 $14313/mo","14313.00","monthly","scale1","4593","ATO 2026-27 sample data"
"S2 $14313/mo","14313.00","monthly","scale2","4008","ATO 2026-27 sample data"
"S3 $14313/mo","14313.00","monthly","scale3","4511","ATO 2026-27 sample data"
"S5 $14313/mo","14313.00","monthly","scale5","3722","ATO 2026-27 sample data"
"S6 $14313/mo","14313.00","monthly","scale6","3865","ATO 2026-27 sample data"
"S1 $15825.33/mo","15825.33","monthly","scale1","5304","ATO 2026-27 sample data"
"S2 $15825.33/mo","15825.33","monthly","scale2","4598","ATO 2026-27 sample data"
"S3 $15825.33/mo","15825.33","monthly","scale3","5070","ATO 2026-27 sample data"
"S5 $15825.33/mo","15825.33","monthly","scale5","4281","ATO 2026-27 sample data"
"S6 $15825.33/mo","15825.33","monthly","scale6","4442","ATO 2026-27 sample data"
"S1 $15829.67/mo","15829.67","monthly","scale1","5304","ATO 2026-27 sample data"
"S2 $15829.67/mo","15829.67","monthly","scale2","4602","ATO 2026-27 sample data"
"S3 $15829.67/mo","15829.67","monthly","scale3","5070","ATO 2026-27 sample data"
"S5 $15829.67/mo","15829.67","monthly","scale5","4286","ATO 2026-27 sample data"
"S6 $15829.67/mo","15829.67","monthly","scale6","4442","ATO 2026-27 sample data"
