label,gross,period,num_children,expected_adjustment,source
MLA6 $907/wk (1 child),907,weekly,1,0,ATO MLA Scale 6 2026-27 sample data
MLA6 $907/wk (2 children),907,weekly,2,0,ATO MLA Scale 6 2026-27 sample data
MLA6 $907/wk (3 children),907,weekly,3,0,ATO MLA Scale 6 2026-27 sample data
MLA6 $907/wk (4 children),907,weekly,4,0,ATO MLA Scale 6 2026-27 sample data
MLA6 $907/wk (5 children),907,weekly,5,0,ATO MLA Scale 6 2026-27 sample data
MLA6 $908/wk (1 child),908,weekly,1,0,ATO MLA Scale 6 2026-27 sample data
MLA6 $908/wk (2 children),908,weekly,2,0,ATO MLA Scale 6 2026-27 sample data
MLA6 $908/wk (3 children),908,weekly,3,0,ATO MLA Scale 6 2026-27 sample data
MLA6 $908/wk (4 children),908,weekly,4,0,ATO MLA Scale 6 2026-27 sample data
MLA6 $908/wk (5 children),908,weekly,5,0,ATO MLA Scale 6 2026-27 sample data
MLA6 $1020/wk (1 child),1020,weekly,1,6,ATO MLA Scale 6 2026-27 sample data
MLA6 $1020/wk (2 children),1020,weekly,2,6,ATO MLA Scale 6 2026-27 sample data
MLA6 $1020/wk (3 children),1020,weekly,3,6,ATO MLA Scale 6 2026-27 sample data
MLA6 $1020/wk (4 children),1020,weekly,4,6,ATO MLA Scale 6 2026-27 sample data
MLA6 $1020/wk (5 children),1020,weekly,5,6,ATO MLA Scale 6 2026-27 sample data
MLA6 $1021/wk (1 child),1021,weekly,1,6,ATO MLA Scale 6 2026-27 sample data
MLA6 $1021/wk (2 children),1021,weekly,2,6,ATO MLA Scale 6 2026-27 sample data
MLA6 $1021/wk (3 children),1021,weekly,3,6,ATO MLA Scale 6 2026-27 sample data
MLA6 $1021/wk (4 children),1021,weekly,4,6,ATO MLA Scale 6 2026-27 sample data
MLA6 $1021/wk (5 children),1021,weekly,5,6,ATO MLA Scale 6 2026-27 sample data
MLA6 $1134/wk (1 child),1134,weekly,1,11,ATO MLA Scale 6 2026-27 sample data
MLA6 $1134/wk (2 children),1134,weekly,2,11,ATO MLA Scale 6 2026-27 sample data
MLA6 $1134/wk (3 children),1134,weekly,3,11,ATO MLA Scale 6 2026-27 sample data
MLA6 $1134/wk (4 children),1134,weekly,4,11,ATO MLA Scale 6 2026-27 sample data
MLA6 $1134/wk (5 children),1134,weekly,5,11,ATO MLA Scale 6 2026-27 sample data
MLA6 $1135/wk (1 child),1135,weekly,1,4,ATO MLA Scale 6 2026-27 sample data
MLA6 $1135/wk (2 children),1135,weekly,2,8,ATO MLA Scale 6 2026-27 sample data
MLA6 $1135/wk (3 children),1135,weekly,3,11,ATO MLA Scale 6 2026-27 sample data
MLA6 $1135/wk (4 children),1135,weekly,4,11,ATO MLA Scale 6 2026-27 sample data
MLA6 $1135/wk (5 children),1135,weekly,5,11,ATO MLA Scale 6 2026-27 sample data
MLA6 $1154/wk (1 child),1154,weekly,1,3,ATO MLA Scale 6 2026-27 sample data
MLA6 $1154/wk (2 children),1154,weekly,2,8,ATO MLA Scale 6 2026-27 sample data
MLA6 $1154/wk (3 children),1154,weekly,3,12,ATO MLA Scale 6 2026-27 sample data
MLA6 $1154/wk (4 children),1154,weekly,4,12,ATO MLA Scale 6 2026-27 sample data
MLA6 $1154/wk (5 children),1154,weekly,5,12,ATO MLA Scale 6 2026-27 sample data
MLA6 $1155/wk (1 child),1155,weekly,1,3,ATO MLA Scale 6 2026-27 sample data
MLA6 $1155/wk (2 children),1155,weekly,2,8,ATO MLA Scale 6 2026-27 sample data
MLA6 $1155/wk (3 children),1155,weekly,3,12,ATO MLA Scale 6 2026-27 sample data
MLA6 $1155/wk (4 children),1155,weekly,4,12,ATO MLA Scale 6 2026-27 sample data
MLA6 $1155/wk (5 children),1155,weekly,5,12,ATO MLA Scale 6 2026-27 sample data
MLA6 $1174/wk (1 child),1174,weekly,1,3,ATO MLA Scale 6 2026-27 sample data
MLA6 $1174/wk (2 children),1174,weekly,2,7,ATO MLA Scale 6 2026-27 sample data
MLA6 $1174/wk (3 children),1174,weekly,3,11,ATO MLA Scale 6 2026-27 sample data
MLA6 $1174/wk (4 children),1174,weekly,4,12,ATO MLA Scale 6 2026-27 sample data
MLA6 $1174/wk (5 children),1174,weekly,5,12,ATO MLA Scale 6 2026-27 sample data
MLA6 $1175/wk (1 child),1175,weekly,1,3,ATO MLA Scale 6 2026-27 sample data
MLA6 $1175/wk (2 children),1175,weekly,2,7,ATO MLA Scale 6 2026-27 sample data
MLA6 $1175/wk (3 children),1175,weekly,3,11,ATO MLA Scale 6 2026-27 sample data
MLA6 $1175/wk (4 children),1175,weekly,4,12,ATO MLA Scale 6 2026-27 sample data
MLA6 $1175/wk (5 children),1175,weekly,5,12,ATO MLA Scale 6 2026-27 sample data
MLA6 $1194/wk (1 child),1194,weekly,1,2,ATO MLA Scale 6 2026-27 sample data
MLA6 $1194/wk (2 children),1194,weekly,2,6,ATO MLA Scale 6 2026-27 sample data
MLA6 $1194/wk (3 children),1194,weekly,3,10,ATO MLA Scale 6 2026-27 sample data
MLA6 $1194/wk (4 children),1194,weekly,4,12,ATO MLA Scale 6 2026-27 sample data
MLA6 $1194/wk (5 children),1194,weekly,5,12,ATO MLA Scale 6 2026-27 sample data
MLA6 $1195/wk (1 child),1195,weekly,1,2,ATO MLA Scale 6 2026-27 sample data
MLA6 $1195/wk (2 children),1195,weekly,2,6,ATO MLA Scale 6 2026-27 sample data
MLA6 $1195/wk (3 children),1195,weekly,3,10,ATO MLA Scale 6 2026-27 sample data
MLA6 $1195/wk (4 children),1195,weekly,4,12,ATO MLA Scale 6 2026-27 sample data
MLA6 $1195/wk (5 children),1195,weekly,5,12,ATO MLA Scale 6 2026-27 sample data
MLA6 $1214/wk (1 child),1214,weekly,1,1,ATO MLA Scale 6 2026-27 sample data
MLA6 $1214/wk (2 children),1214,weekly,2,5,ATO MLA Scale 6 2026-27 sample data
MLA6 $1214/wk (3 children),1214,weekly,3,9,ATO MLA Scale 6 2026-27 sample data
MLA6 $1214/wk (4 children),1214,weekly,4,12,ATO MLA Scale 6 2026-27 sample data
MLA6 $1214/wk (5 children),1214,weekly,5,12,ATO MLA Scale 6 2026-27 sample data
MLA6 $1215/wk (1 child),1215,weekly,1,1,ATO MLA Scale 6 2026-27 sample data
MLA6 $1215/wk (2 children),1215,weekly,2,5,ATO MLA Scale 6 2026-27 sample data
MLA6 $1215/wk (3 children),1215,weekly,3,9,ATO MLA Scale 6 2026-27 sample data
MLA6 $1215/wk (4 children),1215,weekly,4,12,ATO MLA Scale 6 2026-27 sample data
MLA6 $1215/wk (5 children),1215,weekly,5,12,ATO MLA Scale 6 2026-27 sample data
MLA6 $1234/wk (1 child),1234,weekly,1,0,ATO MLA Scale 6 2026-27 sample data
MLA6 $1234/wk (2 children),1234,weekly,2,4,ATO MLA Scale 6 2026-27 sample data
MLA6 $1234/wk (3 children),1234,weekly,3,9,ATO MLA Scale 6 2026-27 sample data
MLA6 $1234/wk (4 children),1234,weekly,4,12,ATO MLA Scale 6 2026-27 sample data
MLA6 $1234/wk (5 children),1234,weekly,5,12,ATO MLA Scale 6 2026-27 sample data
MLA6 $1235/wk (1 child),1235,weekly,1,0,ATO MLA Scale 6 2026-27 sample data
MLA6 $1235/wk (2 children),1235,weekly,2,4,ATO MLA Scale 6 2026-27 sample data
MLA6 $1235/wk (3 children),1235,weekly,3,8,ATO MLA Scale 6 2026-27 sample data
MLA6 $1235/wk (4 children),1235,weekly,4,12,ATO MLA Scale 6 2026-27 sample data
MLA6 $1235/wk (5 children),1235,weekly,5,12,ATO MLA Scale 6 2026-27 sample data
MLA6 $1254/wk (1 child),1254,weekly,1,0,ATO MLA Scale 6 2026-27 sample data
MLA6 $1254/wk (2 children),1254,weekly,2,4,ATO MLA Scale 6 2026-27 sample data
MLA6 $1254/wk (3 children),1254,weekly,3,8,ATO MLA Scale 6 2026-27 sample data
MLA6 $1254/wk (4 children),1254,weekly,4,12,ATO MLA Scale 6 2026-27 sample data
MLA6 $1254/wk (5 children),1254,weekly,5,13,ATO MLA Scale 6 2026-27 sample data
MLA6 $1255/wk (1 child),1255,weekly,1,0,ATO MLA Scale 6 2026-27 sample data
MLA6 $1255/wk (2 children),1255,weekly,2,4,ATO MLA Scale 6 2026-27 sample data
MLA6 $1255/wk (3 children),1255,weekly,3,8,ATO MLA Scale 6 2026-27 sample data
MLA6 $1255/wk (4 children),1255,weekly,4,12,ATO MLA Scale 6 2026-27 sample data
MLA6 $1255/wk (5 children),1255,weekly,5,13,ATO MLA Scale 6 2026-27 sample data
MLA6 $1274/wk (1 child),1274,weekly,1,0,ATO MLA Scale 6 2026-27 sample data
MLA6 $1274/wk (2 children),1274,weekly,2,3,ATO MLA Scale 6 2026-27 sample data
MLA6 $1274/wk (3 children),1274,weekly,3,7,ATO MLA Scale 6 2026-27 sample data
MLA6 $1274/wk (4 children),1274,weekly,4,11,ATO MLA Scale 6 2026-27 sample data
MLA6 $1274/wk (5 children),1274,weekly,5,13,ATO MLA Scale 6 2026-27 sample data
MLA6 $1275/wk (1 child),1275,weekly,1,0,ATO MLA Scale 6 2026-27 sample data
MLA6 $1275/wk (2 children),1275,weekly,2,3,ATO MLA Scale 6 2026-27 sample data
MLA6 $1275/wk (3 children),1275,weekly,3,7,ATO MLA Scale 6 2026-27 sample data
MLA6 $1275/wk (4 children),1275,weekly,4,11,ATO MLA Scale 6 2026-27 sample data
MLA6 $1275/wk (5 children),1275,weekly,5,13,ATO MLA Scale 6 2026-27 sample data
MLA6 $1294/wk (1 child),1294,weekly,1,0,ATO MLA Scale 6 2026-27 sample data
MLA6 $1294/wk (2 children),1294,weekly,2,2,ATO MLA Scale 6 2026-27 sample data
MLA6 $1294/wk (3 children),1294,weekly,3,6,ATO MLA Scale 6 2026-27 sample data
MLA6 $1294/wk (4 children),1294,weekly,4,10,ATO MLA Scale 6 2026-27 sample data
MLA6 $1294/wk (5 children),1294,weekly,5,13,ATO MLA Scale 6 2026-27 sample data
MLA6 $1295/wk (1 child),1295,weekly,1,0,ATO MLA Scale 6 2026-27 sample data
MLA6 $1295/wk (2 children),1295,weekly,2,2,ATO MLA Scale 6 2026-27 sample data
MLA6 $1295/wk (3 children),1295,weekly,3,6,ATO MLA Scale 6 2026-27 sample data
MLA6 $1295/wk (4 children),1295,weekly,4,10,ATO MLA Scale 6 2026-27 sample data
MLA6 $1295/wk (5 children),1295,weekly,5,13,ATO MLA Scale 6 2026-27 sample data
MLA6 $1314/wk (1 child),1314,weekly,1,0,ATO MLA Scale 6 2026-27 sample data
MLA6 $1314/wk (2 children),1314,weekly,2,1,ATO MLA Scale 6 2026-27 sample data
MLA6 $1314/wk (3 children),1314,weekly,3,5,ATO MLA Scale 6 2026-27 sample data
MLA6 $1314/wk (4 children),1314,weekly,4,10,ATO MLA Scale 6 2026-27 sample data
MLA6 $1314/wk (5 children),1314,weekly,5,13,ATO MLA Scale 6 2026-27 sample data
MLA6 $1315/wk (1 child),1315,weekly,1,0,ATO MLA Scale 6 2026-27 sample data
MLA6 $1315/wk (2 children),1315,weekly,2,1,ATO MLA Scale 6 2026-27 sample data
MLA6 $1315/wk (3 children),1315,weekly,3,5,ATO MLA Scale 6 2026-27 sample data
MLA6 $1315/wk (4 children),1315,weekly,4,9,ATO MLA Scale 6 2026-27 sample data
MLA6 $1315/wk (5 children),1315,weekly,5,13,ATO MLA Scale 6 2026-27 sample data
MLA6 $1334/wk (1 child),1334,weekly,1,0,ATO MLA Scale 6 2026-27 sample data
MLA6 $1334/wk (2 children),1334,weekly,2,0,ATO MLA Scale 6 2026-27 sample data
MLA6 $1334/wk (3 children),1334,weekly,3,5,ATO MLA Scale 6 2026-27 sample data
MLA6 $1334/wk (4 children),1334,weekly,4,9,ATO MLA Scale 6 2026-27 sample data
MLA6 $1334/wk (5 children),1334,weekly,5,13,ATO MLA Scale 6 2026-27 sample data
MLA6 $1335/wk (1 child),1335,weekly,1,0,ATO MLA Scale 6 2026-27 sample data
MLA6 $1335/wk (2 children),1335,weekly,2,0,ATO MLA Scale 6 2026-27 sample data
MLA6 $1335/wk (3 children),1335,weekly,3,4,ATO MLA Scale 6 2026-27 sample data
MLA6 $1335/wk (4 children),1335,weekly,4,9,ATO MLA Scale 6 2026-27 sample data
MLA6 $1335/wk (5 children),1335,weekly,5,13,ATO MLA Scale 6 2026-27 sample data
MLA6 $1354/wk (1 child),1354,weekly,1,0,ATO MLA Scale 6 2026-27 sample data
MLA6 $1354/wk (2 children),1354,weekly,2,0,ATO MLA Scale 6 2026-27 sample data
MLA6 $1354/wk (3 children),1354,weekly,3,4,ATO MLA Scale 6 2026-27 sample data
MLA6 $1354/wk (4 children),1354,weekly,4,8,ATO MLA Scale 6 2026-27 sample data
MLA6 $1354/wk (5 children),1354,weekly,5,12,ATO MLA Scale 6 2026-27 sample data
MLA6 $1355/wk (1 child),1355,weekly,1,0,ATO MLA Scale 6 2026-27 sample data
MLA6 $1355/wk (2 children),1355,weekly,2,0,ATO MLA Scale 6 2026-27 sample data
MLA6 $1355/wk (3 children),1355,weekly,3,4,ATO MLA Scale 6 2026-27 sample data
MLA6 $1355/wk (4 children),1355,weekly,4,8,ATO MLA Scale 6 2026-27 sample data
MLA6 $1355/wk (5 children),1355,weekly,5,12,ATO MLA Scale 6 2026-27 sample data
MLA6 $1374/wk (1 child),1374,weekly,1,0,ATO MLA Scale 6 2026-27 sample data
MLA6 $1374/wk (2 children),1374,weekly,2,0,ATO MLA Scale 6 2026-27 sample data
MLA6 $1374/wk (3 children),1374,weekly,3,3,ATO MLA Scale 6 2026-27 sample data
MLA6 $1374/wk (4 children),1374,weekly,4,7,ATO MLA Scale 6 2026-27 sample data
MLA6 $1374/wk (5 children),1374,weekly,5,11,ATO MLA Scale 6 2026-27 sample data
MLA6 $1375/wk (1 child),1375,weekly,1,0,ATO MLA Scale 6 2026-27 sample data
MLA6 $1375/wk (2 children),1375,weekly,2,0,ATO MLA Scale 6 2026-27 sample data
MLA6 $1375/wk (3 children),1375,weekly,3,3,ATO MLA Scale 6 2026-27 sample data
MLA6 $1375/wk (4 children),1375,weekly,4,7,ATO MLA Scale 6 2026-27 sample data
MLA6 $1375/wk (5 children),1375,weekly,5,11,ATO MLA Scale 6 2026-27 sample data
MLA6 $1394/wk (1 child),1394,weekly,1,0,ATO MLA Scale 6 2026-27 sample data
MLA6 $1394/wk (2 children),1394,weekly,2,0,ATO MLA Scale 6 2026-27 sample data
MLA6 $1394/wk (3 children),1394,weekly,3,2,ATO MLA Scale 6 2026-27 sample data
MLA6 $1394/wk (4 children),1394,weekly,4,6,ATO MLA Scale 6 2026-27 sample data
MLA6 $1394/wk (5 children),1394,weekly,5,10,ATO MLA Scale 6 2026-27 sample data
MLA6 $1395/wk (1 child),1395,weekly,1,0,ATO MLA Scale 6 2026-27 sample data
MLA6 $1395/wk (2 children),1395,weekly,2,0,ATO MLA Scale 6 2026-27 sample data
MLA6 $1395/wk (3 children),1395,weekly,3,2,ATO MLA Scale 6 2026-27 sample data
MLA6 $1395/wk (4 children),1395,weekly,4,6,ATO MLA Scale 6 2026-27 sample data
MLA6 $1395/wk (5 children),1395,weekly,5,10,ATO MLA Scale 6 2026-27 sample data
MLA6 $1414/wk (1 child),1414,weekly,1,0,ATO MLA Scale 6 2026-27 sample data
MLA6 $1414/wk (2 children),1414,weekly,2,0,ATO MLA Scale 6 2026-27 sample data
MLA6 $1414/wk (3 children),1414,weekly,3,1,ATO MLA Scale 6 2026-27 sample data
MLA6 $1414/wk (4 children),1414,weekly,4,6,ATO MLA Scale 6 2026-27 sample data
MLA6 $1414/wk (5 children),1414,weekly,5,10,ATO MLA Scale 6 2026-27 sample data
MLA6 $1415/wk (1 child),1415,weekly,1,0,ATO MLA Scale 6 2026-27 sample data
MLA6 $1415/wk (2 children),1415,weekly,2,0,ATO MLA Scale 6 2026-27 sample data
MLA6 $1415/wk (3 children),1415,weekly,3,1,ATO MLA Scale 6 2026-27 sample data
MLA6 $1415/wk (4 children),1415,weekly,4,5,ATO MLA Scale 6 2026-27 sample data
MLA6 $1415/wk (5 children),1415,weekly,5,10,ATO MLA Scale 6 2026-27 sample data
MLA6 $1434/wk (1 child),1434,weekly,1,0,ATO MLA Scale 6 2026-27 sample data
MLA6 $1434/wk (2 children),1434,weekly,2,0,ATO MLA Scale 6 2026-27 sample data
MLA6 $1434/wk (3 children),1434,weekly,3,1,ATO MLA Scale 6 2026-27 sample data
MLA6 $1434/wk (4 children),1434,weekly,4,5,ATO MLA Scale 6 2026-27 sample data
MLA6 $1434/wk (5 children),1434,weekly,5,9,ATO MLA Scale 6 2026-27 sample data
MLA6 $1435/wk (1 child),1435,weekly,1,0,ATO MLA Scale 6 2026-27 sample data
MLA6 $1435/wk (2 children),1435,weekly,2,0,ATO MLA Scale 6 2026-27 sample data
MLA6 $1435/wk (3 children),1435,weekly,3,0,ATO MLA Scale 6 2026-27 sample data
MLA6 $1435/wk (4 children),1435,weekly,4,5,ATO MLA Scale 6 2026-27 sample data
MLA6 $1435/wk (5 children),1435,weekly,5,9,ATO MLA Scale 6 2026-27 sample data
MLA6 $1454/wk (1 child),1454,weekly,1,0,ATO MLA Scale 6 2026-27 sample data
MLA6 $1454/wk (2 children),1454,weekly,2,0,ATO MLA Scale 6 2026-27 sample data
MLA6 $1454/wk (3 children),1454,weekly,3,0,ATO MLA Scale 6 2026-27 sample data
MLA6 $1454/wk (4 children),1454,weekly,4,4,ATO MLA Scale 6 2026-27 sample data
MLA6 $1454/wk (5 children),1454,weekly,5,8,ATO MLA Scale 6 2026-27 sample data
MLA6 $1455/wk (1 child),1455,weekly,1,0,ATO MLA Scale 6 2026-27 sample data
MLA6 $1455/wk (2 children),1455,weekly,2,0,ATO MLA Scale 6 2026-27 sample data
MLA6 $1455/wk (3 children),1455,weekly,3,0,ATO MLA Scale 6 2026-27 sample data
MLA6 $1455/wk (4 children),1455,weekly,4,4,ATO MLA Scale 6 2026-27 sample data
MLA6 $1455/wk (5 children),1455,weekly,5,8,ATO MLA Scale 6 2026-27 sample data
MLA6 $1474/wk (1 child),1474,weekly,1,0,ATO MLA Scale 6 2026-27 sample data
MLA6 $1474/wk (2 children),1474,weekly,2,0,ATO MLA Scale 6 2026-27 sample data
MLA6 $1474/wk (3 children),1474,weekly,3,0,ATO MLA Scale 6 2026-27 sample data
MLA6 $1474/wk (4 children),1474,weekly,4,3,ATO MLA Scale 6 2026-27 sample data
MLA6 $1474/wk (5 children),1474,weekly,5,7,ATO MLA Scale 6 2026-27 sample data
MLA6 $1475/wk (1 child),1475,weekly,1,0,ATO MLA Scale 6 2026-27 sample data
MLA6 $1475/wk (2 children),1475,weekly,2,0,ATO MLA Scale 6 2026-27 sample data
MLA6 $1475/wk (3 children),1475,weekly,3,0,ATO MLA Scale 6 2026-27 sample data
MLA6 $1475/wk (4 children),1475,weekly,4,3,ATO MLA Scale 6 2026-27 sample data
MLA6 $1475/wk (5 children),1475,weekly,5,7,ATO MLA Scale 6 2026-27 sample data
MLA6 $1494/wk (1 child),1494,weekly,1,0,ATO MLA Scale 6 2026-27 sample data
MLA6 $1494/wk (2 children),1494,weekly,2,0,ATO MLA Scale 6 2026-27 sample data
MLA6 $1494/wk (3 children),1494,weekly,3,0,ATO MLA Scale 6 2026-27 sample data
MLA6 $1494/wk (4 children),1494,weekly,4,2,ATO MLA Scale 6 2026-27 sample data
MLA6 $1494/wk (5 children),1494,weekly,5,6,ATO MLA Scale 6 2026-27 sample data
MLA6 $1495/wk (1 child),1495,weekly,1,0,ATO MLA Scale 6 2026-27 sample data
MLA6 $1495/wk (2 children),1495,weekly,2,0,ATO MLA Scale 6 2026-27 sample data
MLA6 $1495/wk (3 children),1495,weekly,3,0,ATO MLA Scale 6 2026-27 sample data
MLA6 $1495/wk (4 children),1495,weekly,4,2,ATO MLA Scale 6 2026-27 sample data
MLA6 $1495/wk (5 children),1495,weekly,5,6,ATO MLA Scale 6 2026-27 sample data
MLA6 $1514/wk (1 child),1514,weekly,1,0,ATO MLA Scale 6 2026-27 sample data
MLA6 $1514/wk (2 children),1514,weekly,2,0,ATO MLA Scale 6 2026-27 sample data
MLA6 $1514/wk (3 children),1514,weekly,3,0,ATO MLA Scale 6 2026-27 sample data
MLA6 $1514/wk (4 children),1514,weekly,4,2,ATO MLA Scale 6 2026-27 sample data
MLA6 $1514/wk (5 children),1514,weekly,5,6,ATO MLA Scale 6 2026-27 sample data
MLA6 $1515/wk (1 child),1515,weekly,1,0,ATO MLA Scale 6 2026-27 sample data
MLA6 $1515/wk (2 children),1515,weekly,2,0,ATO MLA Scale 6 2026-27 sample data
MLA6 $1515/wk (3 children),1515,weekly,3,0,ATO MLA Scale 6 2026-27 sample data
MLA6 $1515/wk (4 children),1515,weekly,4,1,ATO MLA Scale 6 2026-27 sample data
MLA6 $1515/wk (5 children),1515,weekly,5,6,ATO MLA Scale 6 2026-27 sample data
MLA6 $1551/wk (1 child),1551,weekly,1,0,ATO MLA Scale 6 2026-27 sample data
MLA6 $1551/wk (2 children),1551,weekly,2,0,ATO MLA Scale 6 2026-27 sample data
MLA6 $1551/wk (3 children),1551,weekly,3,0,ATO MLA Scale 6 2026-27 sample data
MLA6 $1551/wk (4 children),1551,weekly,4,0,ATO MLA Scale 6 2026-27 sample data
MLA6 $1551/wk (5 children),1551,weekly,5,4,ATO MLA Scale 6 2026-27 sample data
MLA6 $1552/wk (1 child),1552,weekly,1,0,ATO MLA Scale 6 2026-27 sample data
MLA6 $1552/wk (2 children),1552,weekly,2,0,ATO MLA Scale 6 2026-27 sample data
MLA6 $1552/wk (3 children),1552,weekly,3,0,ATO MLA Scale 6 2026-27 sample data
MLA6 $1552/wk (4 children),1552,weekly,4,0,ATO MLA Scale 6 2026-27 sample data
MLA6 $1552/wk (5 children),1552,weekly,5,4,ATO MLA Scale 6 2026-27 sample data
MLA6 $1655/wk (1 child),1655,weekly,1,0,ATO MLA Scale 6 2026-27 sample data
MLA6 $1655/wk (2 children),1655,weekly,2,0,ATO MLA Scale 6 2026-27 sample data
MLA6 $1655/wk (3 children),1655,weekly,3,0,ATO MLA Scale 6 2026-27 sample data
MLA6 $1655/wk (4 children),1655,weekly,4,0,ATO MLA Scale 6 2026-27 sample data
MLA6 $1655/wk (5 children),1655,weekly,5,0,ATO MLA Scale 6 2026-27 sample data
MLA6 $1656/wk (1 child),1656,weekly,1,0,ATO MLA Scale 6 2026-27 sample data
MLA6 $1656/wk (2 children),1656,weekly,2,0,ATO MLA Scale 6 2026-27 sample data
MLA6 $1656/wk (3 children),1656,weekly,3,0,ATO MLA Scale 6 2026-27 sample data
MLA6 $1656/wk (4 children),1656,weekly,4,0,ATO MLA Scale 6 2026-27 sample data
MLA6 $1656/wk (5 children),1656,weekly,5,0,ATO MLA Scale 6 2026-27 sample data
MLA6 $1814/fn (1 child),1814,fortnightly,1,0,ATO MLA Scale 6 2026-27 sample data
MLA6 $1814/fn (2 children),1814,fortnightly,2,0,ATO MLA Scale 6 2026-27 sample data
MLA6 $1814/fn (3 children),1814,fortnightly,3,0,ATO MLA Scale 6 2026-27 sample data
MLA6 $1814/fn (4 children),1814,fortnightly,4,0,ATO MLA Scale 6 2026-27 sample data
MLA6 $1814/fn (5 children),1814,fortnightly,5,0,ATO MLA Scale 6 2026-27 sample data
MLA6 $1816/fn (1 child),1816,fortnightly,1,0,ATO MLA Scale 6 2026-27 sample data
MLA6 $1816/fn (2 children),1816,fortnightly,2,0,ATO MLA Scale 6 2026-27 sample data
MLA6 $1816/fn (3 children),1816,fortnightly,3,0,ATO MLA Scale 6 2026-27 sample data
MLA6 $1816/fn (4 children),1816,fortnightly,4,0,ATO MLA Scale 6 2026-27 sample data
MLA6 $1816/fn (5 children),1816,fortnightly,5,0,ATO MLA Scale 6 2026-27 sample data
MLA6 $2040/fn (1 child),2040,fortnightly,1,12,ATO MLA Scale 6 2026-27 sample data
MLA6 $2040/fn (2 children),2040,fortnightly,2,12,ATO MLA Scale 6 2026-27 sample data
MLA6 $2040/fn (3 children),2040,fortnightly,3,12,ATO MLA Scale 6 2026-27 sample data
MLA6 $2040/fn (4 children),2040,fortnightly,4,12,ATO MLA Scale 6 2026-27 sample data
MLA6 $2040/fn (5 children),2040,fortnightly,5,12,ATO MLA Scale 6 2026-27 sample data
MLA6 $2042/fn (1 child),2042,fortnightly,1,12,ATO MLA Scale 6 2026-27 sample data
MLA6 $2042/fn (2 children),2042,fortnightly,2,12,ATO MLA Scale 6 2026-27 sample data
MLA6 $2042/fn (3 children),2042,fortnightly,3,12,ATO MLA Scale 6 2026-27 sample data
MLA6 $2042/fn (4 children),2042,fortnightly,4,12,ATO MLA Scale 6 2026-27 sample data
MLA6 $2042/fn (5 children),2042,fortnightly,5,12,ATO MLA Scale 6 2026-27 sample data
MLA6 $2268/fn (1 child),2268,fortnightly,1,22,ATO MLA Scale 6 2026-27 sample data
MLA6 $2268/fn (2 children),2268,fortnightly,2,22,ATO MLA Scale 6 2026-27 sample data
MLA6 $2268/fn (3 children),2268,fortnightly,3,22,ATO MLA Scale 6 2026-27 sample data
MLA6 $2268/fn (4 children),2268,fortnightly,4,22,ATO MLA Scale 6 2026-27 sample data
MLA6 $2268/fn (5 children),2268,fortnightly,5,22,ATO MLA Scale 6 2026-27 sample data
MLA6 $2270/fn (1 child),2270,fortnightly,1,8,ATO MLA Scale 6 2026-27 sample data
MLA6 $2270/fn (2 children),2270,fortnightly,2,16,ATO MLA Scale 6 2026-27 sample data
MLA6 $2270/fn (3 children),2270,fortnightly,3,22,ATO MLA Scale 6 2026-27 sample data
MLA6 $2270/fn (4 children),2270,fortnightly,4,22,ATO MLA Scale 6 2026-27 sample data
MLA6 $2270/fn (5 children),2270,fortnightly,5,22,ATO MLA Scale 6 2026-27 sample data
MLA6 $2308/fn (1 child),2308,fortnightly,1,6,ATO MLA Scale 6 2026-27 sample data
MLA6 $2308/fn (2 children),2308,fortnightly,2,16,ATO MLA Scale 6 2026-27 sample data
MLA6 $2308/fn (3 children),2308,fortnightly,3,24,ATO MLA Scale 6 2026-27 sample data
MLA6 $2308/fn (4 children),2308,fortnightly,4,24,ATO MLA Scale 6 2026-27 sample data
MLA6 $2308/fn (5 children),2308,fortnightly,5,24,ATO MLA Scale 6 2026-27 sample data
MLA6 $2310/fn (1 child),2310,fortnightly,1,6,ATO MLA Scale 6 2026-27 sample data
MLA6 $2310/fn (2 children),2310,fortnightly,2,16,ATO MLA Scale 6 2026-27 sample data
MLA6 $2310/fn (3 children),2310,fortnightly,3,24,ATO MLA Scale 6 2026-27 sample data
MLA6 $2310/fn (4 children),2310,fortnightly,4,24,ATO MLA Scale 6 2026-27 sample data
MLA6 $2310/fn (5 children),2310,fortnightly,5,24,ATO MLA Scale 6 2026-27 sample data
MLA6 $2348/fn (1 child),2348,fortnightly,1,6,ATO MLA Scale 6 2026-27 sample data
MLA6 $2348/fn (2 children),2348,fortnightly,2,14,ATO MLA Scale 6 2026-27 sample data
MLA6 $2348/fn (3 children),2348,fortnightly,3,22,ATO MLA Scale 6 2026-27 sample data
MLA6 $2348/fn (4 children),2348,fortnightly,4,24,ATO MLA Scale 6 2026-27 sample data
MLA6 $2348/fn (5 children),2348,fortnightly,5,24,ATO MLA Scale 6 2026-27 sample data
MLA6 $2350/fn (1 child),2350,fortnightly,1,6,ATO MLA Scale 6 2026-27 sample data
MLA6 $2350/fn (2 children),2350,fortnightly,2,14,ATO MLA Scale 6 2026-27 sample data
MLA6 $2350/fn (3 children),2350,fortnightly,3,22,ATO MLA Scale 6 2026-27 sample data
MLA6 $2350/fn (4 children),2350,fortnightly,4,24,ATO MLA Scale 6 2026-27 sample data
MLA6 $2350/fn (5 children),2350,fortnightly,5,24,ATO MLA Scale 6 2026-27 sample data
MLA6 $2388/fn (1 child),2388,fortnightly,1,4,ATO MLA Scale 6 2026-27 sample data
MLA6 $2388/fn (2 children),2388,fortnightly,2,12,ATO MLA Scale 6 2026-27 sample data
MLA6 $2388/fn (3 children),2388,fortnightly,3,20,ATO MLA Scale 6 2026-27 sample data
MLA6 $2388/fn (4 children),2388,fortnightly,4,24,ATO MLA Scale 6 2026-27 sample data
MLA6 $2388/fn (5 children),2388,fortnightly,5,24,ATO MLA Scale 6 2026-27 sample data
MLA6 $2390/fn (1 child),2390,fortnightly,1,4,ATO MLA Scale 6 2026-27 sample data
MLA6 $2390/fn (2 children),2390,fortnightly,2,12,ATO MLA Scale 6 2026-27 sample data
MLA6 $2390/fn (3 children),2390,fortnightly,3,20,ATO MLA Scale 6 2026-27 sample data
MLA6 $2390/fn (4 children),2390,fortnightly,4,24,ATO MLA Scale 6 2026-27 sample data
MLA6 $2390/fn (5 children),2390,fortnightly,5,24,ATO MLA Scale 6 2026-27 sample data
MLA6 $2428/fn (1 child),2428,fortnightly,1,2,ATO MLA Scale 6 2026-27 sample data
MLA6 $2428/fn (2 children),2428,fortnightly,2,10,ATO MLA Scale 6 2026-27 sample data
MLA6 $2428/fn (3 children),2428,fortnightly,3,18,ATO MLA Scale 6 2026-27 sample data
MLA6 $2428/fn (4 children),2428,fortnightly,4,24,ATO MLA Scale 6 2026-27 sample data
MLA6 $2428/fn (5 children),2428,fortnightly,5,24,ATO MLA Scale 6 2026-27 sample data
MLA6 $2430/fn (1 child),2430,fortnightly,1,2,ATO MLA Scale 6 2026-27 sample data
MLA6 $2430/fn (2 children),2430,fortnightly,2,10,ATO MLA Scale 6 2026-27 sample data
MLA6 $2430/fn (3 children),2430,fortnightly,3,18,ATO MLA Scale 6 2026-27 sample data
MLA6 $2430/fn (4 children),2430,fortnightly,4,24,ATO MLA Scale 6 2026-27 sample data
MLA6 $2430/fn (5 children),2430,fortnightly,5,24,ATO MLA Scale 6 2026-27 sample data
MLA6 $2468/fn (1 child),2468,fortnightly,1,0,ATO MLA Scale 6 2026-27 sample data
MLA6 $2468/fn (2 children),2468,fortnightly,2,8,ATO MLA Scale 6 2026-27 sample data
MLA6 $2468/fn (3 children),2468,fortnightly,3,18,ATO MLA Scale 6 2026-27 sample data
MLA6 $2468/fn (4 children),2468,fortnightly,4,24,ATO MLA Scale 6 2026-27 sample data
MLA6 $2468/fn (5 children),2468,fortnightly,5,24,ATO MLA Scale 6 2026-27 sample data
MLA6 $2470/fn (1 child),2470,fortnightly,1,0,ATO MLA Scale 6 2026-27 sample data
MLA6 $2470/fn (2 children),2470,fortnightly,2,8,ATO MLA Scale 6 2026-27 sample data
MLA6 $2470/fn (3 children),2470,fortnightly,3,16,ATO MLA Scale 6 2026-27 sample data
MLA6 $2470/fn (4 children),2470,fortnightly,4,24,ATO MLA Scale 6 2026-27 sample data
MLA6 $2470/fn (5 children),2470,fortnightly,5,24,ATO MLA Scale 6 2026-27 sample data
MLA6 $2508/fn (1 child),2508,fortnightly,1,0,ATO MLA Scale 6 2026-27 sample data
MLA6 $2508/fn (2 children),2508,fortnightly,2,8,ATO MLA Scale 6 2026-27 sample data
MLA6 $2508/fn (3 children),2508,fortnightly,3,16,ATO MLA Scale 6 2026-27 sample data
MLA6 $2508/fn (4 children),2508,fortnightly,4,24,ATO MLA Scale 6 2026-27 sample data
MLA6 $2508/fn (5 children),2508,fortnightly,5,26,ATO MLA Scale 6 2026-27 sample data
MLA6 $2510/fn (1 child),2510,fortnightly,1,0,ATO MLA Scale 6 2026-27 sample data
MLA6 $2510/fn (2 children),2510,fortnightly,2,8,ATO MLA Scale 6 2026-27 sample data
MLA6 $2510/fn (3 children),2510,fortnightly,3,16,ATO MLA Scale 6 2026-27 sample data
MLA6 $2510/fn (4 children),2510,fortnightly,4,24,ATO MLA Scale 6 2026-27 sample data
MLA6 $2510/fn (5 children),2510,fortnightly,5,26,ATO MLA Scale 6 2026-27 sample data
MLA6 $2548/fn (1 child),2548,fortnightly,1,0,ATO MLA Scale 6 2026-27 sample data
MLA6 $2548/fn (2 children),2548,fortnightly,2,6,ATO MLA Scale 6 2026-27 sample data
MLA6 $2548/fn (3 children),2548,fortnightly,3,14,ATO MLA Scale 6 2026-27 sample data
MLA6 $2548/fn (4 children),2548,fortnightly,4,22,ATO MLA Scale 6 2026-27 sample data
MLA6 $2548/fn (5 children),2548,fortnightly,5,26,ATO MLA Scale 6 2026-27 sample data
MLA6 $2550/fn (1 child),2550,fortnightly,1,0,ATO MLA Scale 6 2026-27 sample data
MLA6 $2550/fn (2 children),2550,fortnightly,2,6,ATO MLA Scale 6 2026-27 sample data
MLA6 $2550/fn (3 children),2550,fortnightly,3,14,ATO MLA Scale 6 2026-27 sample data
MLA6 $2550/fn (4 children),2550,fortnightly,4,22,ATO MLA Scale 6 2026-27 sample data
MLA6 $2550/fn (5 children),2550,fortnightly,5,26,ATO MLA Scale 6 2026-27 sample data
MLA6 $2588/fn (1 child),2588,fortnightly,1,0,ATO MLA Scale 6 2026-27 sample data
MLA6 $2588/fn (2 children),2588,fortnightly,2,4,ATO MLA Scale 6 2026-27 sample data
MLA6 $2588/fn (3 children),2588,fortnightly,3,12,ATO MLA Scale 6 2026-27 sample data
MLA6 $2588/fn (4 children),2588,fortnightly,4,20,ATO MLA Scale 6 2026-27 sample data
MLA6 $2588/fn (5 children),2588,fortnightly,5,26,ATO MLA Scale 6 2026-27 sample data
MLA6 $2590/fn (1 child),2590,fortnightly,1,0,ATO MLA Scale 6 2026-27 sample data
MLA6 $2590/fn (2 children),2590,fortnightly,2,4,ATO MLA Scale 6 2026-27 sample data
MLA6 $2590/fn (3 children),2590,fortnightly,3,12,ATO MLA Scale 6 2026-27 sample data
MLA6 $2590/fn (4 children),2590,fortnightly,4,20,ATO MLA Scale 6 2026-27 sample data
MLA6 $2590/fn (5 children),2590,fortnightly,5,26,ATO MLA Scale 6 2026-27 sample data
MLA6 $2628/fn (1 child),2628,fortnightly,1,0,ATO MLA Scale 6 2026-27 sample data
MLA6 $2628/fn (2 children),2628,fortnightly,2,2,ATO MLA Scale 6 2026-27 sample data
MLA6 $2628/fn (3 children),2628,fortnightly,3,10,ATO MLA Scale 6 2026-27 sample data
MLA6 $2628/fn (4 children),2628,fortnightly,4,20,ATO MLA Scale 6 2026-27 sample data
MLA6 $2628/fn (5 children),2628,fortnightly,5,26,ATO MLA Scale 6 2026-27 sample data
MLA6 $2630/fn (1 child),2630,fortnightly,1,0,ATO MLA Scale 6 2026-27 sample data
MLA6 $2630/fn (2 children),2630,fortnightly,2,2,ATO MLA Scale 6 2026-27 sample data
MLA6 $2630/fn (3 children),2630,fortnightly,3,10,ATO MLA Scale 6 2026-27 sample data
MLA6 $2630/fn (4 children),2630,fortnightly,4,18,ATO MLA Scale 6 2026-27 sample data
MLA6 $2630/fn (5 children),2630,fortnightly,5,26,ATO MLA Scale 6 2026-27 sample data
MLA6 $2668/fn (1 child),2668,fortnightly,1,0,ATO MLA Scale 6 2026-27 sample data
MLA6 $2668/fn (2 children),2668,fortnightly,2,0,ATO MLA Scale 6 2026-27 sample data
MLA6 $2668/fn (3 children),2668,fortnightly,3,10,ATO MLA Scale 6 2026-27 sample data
MLA6 $2668/fn (4 children),2668,fortnightly,4,18,ATO MLA Scale 6 2026-27 sample data
MLA6 $2668/fn (5 children),2668,fortnightly,5,26,ATO MLA Scale 6 2026-27 sample data
MLA6 $2670/fn (1 child),2670,fortnightly,1,0,ATO MLA Scale 6 2026-27 sample data
MLA6 $2670/fn (2 children),2670,fortnightly,2,0,ATO MLA Scale 6 2026-27 sample data
MLA6 $2670/fn (3 children),2670,fortnightly,3,8,ATO MLA Scale 6 2026-27 sample data
MLA6 $2670/fn (4 children),2670,fortnightly,4,18,ATO MLA Scale 6 2026-27 sample data
MLA6 $2670/fn (5 children),2670,fortnightly,5,26,ATO MLA Scale 6 2026-27 sample data
MLA6 $2708/fn (1 child),2708,fortnightly,1,0,ATO MLA Scale 6 2026-27 sample data
MLA6 $2708/fn (2 children),2708,fortnightly,2,0,ATO MLA Scale 6 2026-27 sample data
MLA6 $2708/fn (3 children),2708,fortnightly,3,8,ATO MLA Scale 6 2026-27 sample data
MLA6 $2708/fn (4 children),2708,fortnightly,4,16,ATO MLA Scale 6 2026-27 sample data
MLA6 $2708/fn (5 children),2708,fortnightly,5,24,ATO MLA Scale 6 2026-27 sample data
MLA6 $2710/fn (1 child),2710,fortnightly,1,0,ATO MLA Scale 6 2026-27 sample data
MLA6 $2710/fn (2 children),2710,fortnightly,2,0,ATO MLA Scale 6 2026-27 sample data
MLA6 $2710/fn (3 children),2710,fortnightly,3,8,ATO MLA Scale 6 2026-27 sample data
MLA6 $2710/fn (4 children),2710,fortnightly,4,16,ATO MLA Scale 6 2026-27 sample data
MLA6 $2710/fn (5 children),2710,fortnightly,5,24,ATO MLA Scale 6 2026-27 sample data
MLA6 $2748/fn (1 child),2748,fortnightly,1,0,ATO MLA Scale 6 2026-27 sample data
MLA6 $2748/fn (2 children),2748,fortnightly,2,0,ATO MLA Scale 6 2026-27 sample data
MLA6 $2748/fn (3 children),2748,fortnightly,3,6,ATO MLA Scale 6 2026-27 sample data
MLA6 $2748/fn (4 children),2748,fortnightly,4,14,ATO MLA Scale 6 2026-27 sample data
MLA6 $2748/fn (5 children),2748,fortnightly,5,22,ATO MLA Scale 6 2026-27 sample data
MLA6 $2750/fn (1 child),2750,fortnightly,1,0,ATO MLA Scale 6 2026-27 sample data
MLA6 $2750/fn (2 children),2750,fortnightly,2,0,ATO MLA Scale 6 2026-27 sample data
MLA6 $2750/fn (3 children),2750,fortnightly,3,6,ATO MLA Scale 6 2026-27 sample data
MLA6 $2750/fn (4 children),2750,fortnightly,4,14,ATO MLA Scale 6 2026-27 sample data
MLA6 $2750/fn (5 children),2750,fortnightly,5,22,ATO MLA Scale 6 2026-27 sample data
MLA6 $2788/fn (1 child),2788,fortnightly,1,0,ATO MLA Scale 6 2026-27 sample data
MLA6 $2788/fn (2 children),2788,fortnightly,2,0,ATO MLA Scale 6 2026-27 sample data
MLA6 $2788/fn (3 children),2788,fortnightly,3,4,ATO MLA Scale 6 2026-27 sample data
MLA6 $2788/fn (4 children),2788,fortnightly,4,12,ATO MLA Scale 6 2026-27 sample data
MLA6 $2788/fn (5 children),2788,fortnightly,5,20,ATO MLA Scale 6 2026-27 sample data
MLA6 $2790/fn (1 child),2790,fortnightly,1,0,ATO MLA Scale 6 2026-27 sample data
MLA6 $2790/fn (2 children),2790,fortnightly,2,0,ATO MLA Scale 6 2026-27 sample data
MLA6 $2790/fn (3 children),2790,fortnightly,3,4,ATO MLA Scale 6 2026-27 sample data
MLA6 $2790/fn (4 children),2790,fortnightly,4,12,ATO MLA Scale 6 2026-27 sample data
MLA6 $2790/fn (5 children),2790,fortnightly,5,20,ATO MLA Scale 6 2026-27 sample data
MLA6 $2828/fn (1 child),2828,fortnightly,1,0,ATO MLA Scale 6 2026-27 sample data
MLA6 $2828/fn (2 children),2828,fortnightly,2,0,ATO MLA Scale 6 2026-27 sample data
MLA6 $2828/fn (3 children),2828,fortnightly,3,2,ATO MLA Scale 6 2026-27 sample data
MLA6 $2828/fn (4 children),2828,fortnightly,4,12,ATO MLA Scale 6 2026-27 sample data
MLA6 $2828/fn (5 children),2828,fortnightly,5,20,ATO MLA Scale 6 2026-27 sample data
MLA6 $2830/fn (1 child),2830,fortnightly,1,0,ATO MLA Scale 6 2026-27 sample data
MLA6 $2830/fn (2 children),2830,fortnightly,2,0,ATO MLA Scale 6 2026-27 sample data
MLA6 $2830/fn (3 children),2830,fortnightly,3,2,ATO MLA Scale 6 2026-27 sample data
MLA6 $2830/fn (4 children),2830,fortnightly,4,10,ATO MLA Scale 6 2026-27 sample data
MLA6 $2830/fn (5 children),2830,fortnightly,5,20,ATO MLA Scale 6 2026-27 sample data
MLA6 $2868/fn (1 child),2868,fortnightly,1,0,ATO MLA Scale 6 2026-27 sample data
MLA6 $2868/fn (2 children),2868,fortnightly,2,0,ATO MLA Scale 6 2026-27 sample data
MLA6 $2868/fn (3 children),2868,fortnightly,3,2,ATO MLA Scale 6 2026-27 sample data
MLA6 $2868/fn (4 children),2868,fortnightly,4,10,ATO MLA Scale 6 2026-27 sample data
MLA6 $2868/fn (5 children),2868,fortnightly,5,18,ATO MLA Scale 6 2026-27 sample data
MLA6 $2870/fn (1 child),2870,fortnightly,1,0,ATO MLA Scale 6 2026-27 sample data
MLA6 $2870/fn (2 children),2870,fortnightly,2,0,ATO MLA Scale 6 2026-27 sample data
MLA6 $2870/fn (3 children),2870,fortnightly,3,0,ATO MLA Scale 6 2026-27 sample data
MLA6 $2870/fn (4 children),2870,fortnightly,4,10,ATO MLA Scale 6 2026-27 sample data
MLA6 $2870/fn (5 children),2870,fortnightly,5,18,ATO MLA Scale 6 2026-27 sample data
MLA6 $2908/fn (1 child),2908,fortnightly,1,0,ATO MLA Scale 6 2026-27 sample data
MLA6 $2908/fn (2 children),2908,fortnightly,2,0,ATO MLA Scale 6 2026-27 sample data
MLA6 $2908/fn (3 children),2908,fortnightly,3,0,ATO MLA Scale 6 2026-27 sample data
MLA6 $2908/fn (4 children),2908,fortnightly,4,8,ATO MLA Scale 6 2026-27 sample data
MLA6 $2908/fn (5 children),2908,fortnightly,5,16,ATO MLA Scale 6 2026-27 sample data
MLA6 $2910/fn (1 child),2910,fortnightly,1,0,ATO MLA Scale 6 2026-27 sample data
MLA6 $2910/fn (2 children),2910,fortnightly,2,0,ATO MLA Scale 6 2026-27 sample data
MLA6 $2910/fn (3 children),2910,fortnightly,3,0,ATO MLA Scale 6 2026-27 sample data
MLA6 $2910/fn (4 children),2910,fortnightly,4,8,ATO MLA Scale 6 2026-27 sample data
MLA6 $2910/fn (5 children),2910,fortnightly,5,16,ATO MLA Scale 6 2026-27 sample data
MLA6 $2948/fn (1 child),2948,fortnightly,1,0,ATO MLA Scale 6 2026-27 sample data
MLA6 $2948/fn (2 children),2948,fortnightly,2,0,ATO MLA Scale 6 2026-27 sample data
MLA6 $2948/fn (3 children),2948,fortnightly,3,0,ATO MLA Scale 6 2026-27 sample data
MLA6 $2948/fn (4 children),2948,fortnightly,4,6,ATO MLA Scale 6 2026-27 sample data
MLA6 $2948/fn (5 children),2948,fortnightly,5,14,ATO MLA Scale 6 2026-27 sample data
MLA6 $2950/fn (1 child),2950,fortnightly,1,0,ATO MLA Scale 6 2026-27 sample data
MLA6 $2950/fn (2 children),2950,fortnightly,2,0,ATO MLA Scale 6 2026-27 sample data
MLA6 $2950/fn (3 children),2950,fortnightly,3,0,ATO MLA Scale 6 2026-27 sample data
MLA6 $2950/fn (4 children),2950,fortnightly,4,6,ATO MLA Scale 6 2026-27 sample data
MLA6 $2950/fn (5 children),2950,fortnightly,5,14,ATO MLA Scale 6 2026-27 sample data
MLA6 $2988/fn (1 child),2988,fortnightly,1,0,ATO MLA Scale 6 2026-27 sample data
MLA6 $2988/fn (2 children),2988,fortnightly,2,0,ATO MLA Scale 6 2026-27 sample data
MLA6 $2988/fn (3 children),2988,fortnightly,3,0,ATO MLA Scale 6 2026-27 sample data
MLA6 $2988/fn (4 children),2988,fortnightly,4,4,ATO MLA Scale 6 2026-27 sample data
MLA6 $2988/fn (5 children),2988,fortnightly,5,12,ATO MLA Scale 6 2026-27 sample data
MLA6 $2990/fn (1 child),2990,fortnightly,1,0,ATO MLA Scale 6 2026-27 sample data
MLA6 $2990/fn (2 children),2990,fortnightly,2,0,ATO MLA Scale 6 2026-27 sample data
MLA6 $2990/fn (3 children),2990,fortnightly,3,0,ATO MLA Scale 6 2026-27 sample data
MLA6 $2990/fn (4 children),2990,fortnightly,4,4,ATO MLA Scale 6 2026-27 sample data
MLA6 $2990/fn (5 children),2990,fortnightly,5,12,ATO MLA Scale 6 2026-27 sample data
MLA6 $3028/fn (1 child),3028,fortnightly,1,0,ATO MLA Scale 6 2026-27 sample data
MLA6 $3028/fn (2 children),3028,fortnightly,2,0,ATO MLA Scale 6 2026-27 sample data
MLA6 $3028/fn (3 children),3028,fortnightly,3,0,ATO MLA Scale 6 2026-27 sample data
MLA6 $3028/fn (4 children),3028,fortnightly,4,4,ATO MLA Scale 6 2026-27 sample data
MLA6 $3028/fn (5 children),3028,fortnightly,5,12,ATO MLA Scale 6 2026-27 sample data
MLA6 $3030/fn (1 child),3030,fortnightly,1,0,ATO MLA Scale 6 2026-27 sample data
MLA6 $3030/fn (2 children),3030,fortnightly,2,0,ATO MLA Scale 6 2026-27 sample data
MLA6 $3030/fn (3 children),3030,fortnightly,3,0,ATO MLA Scale 6 2026-27 sample data
MLA6 $3030/fn (4 children),3030,fortnightly,4,2,ATO MLA Scale 6 2026-27 sample data
MLA6 $3030/fn (5 children),3030,fortnightly,5,12,ATO MLA Scale 6 2026-27 sample data
MLA6 $3102/fn (1 child),3102,fortnightly,1,0,ATO MLA Scale 6 2026-27 sample data
MLA6 $3102/fn (2 children),3102,fortnightly,2,0,ATO MLA Scale 6 2026-27 sample data
MLA6 $3102/fn (3 children),3102,fortnightly,3,0,ATO MLA Scale 6 2026-27 sample data
MLA6 $3102/fn (4 children),3102,fortnightly,4,0,ATO MLA Scale 6 2026-27 sample data
MLA6 $3102/fn (5 children),3102,fortnightly,5,8,ATO MLA Scale 6 2026-27 sample data
MLA6 $3104/fn (1 child),3104,fortnightly,1,0,ATO MLA Scale 6 2026-27 sample data
MLA6 $3104/fn (2 children),3104,fortnightly,2,0,ATO MLA Scale 6 2026-27 sample data
MLA6 $3104/fn (3 children),3104,fortnightly,3,0,ATO MLA Scale 6 2026-27 sample data
MLA6 $3104/fn (4 children),3104,fortnightly,4,0,ATO MLA Scale 6 2026-27 sample data
MLA6 $3104/fn (5 children),3104,fortnightly,5,8,ATO MLA Scale 6 2026-27 sample data
MLA6 $3310/fn (1 child),3310,fortnightly,1,0,ATO MLA Scale 6 2026-27 sample data
MLA6 $3310/fn (2 children),3310,fortnightly,2,0,ATO MLA Scale 6 2026-27 sample data
MLA6 $3310/fn (3 children),3310,fortnightly,3,0,ATO MLA Scale 6 2026-27 sample data
MLA6 $3310/fn (4 children),3310,fortnightly,4,0,ATO MLA Scale 6 2026-27 sample data
MLA6 $3310/fn (5 children),3310,fortnightly,5,0,ATO MLA Scale 6 2026-27 sample data
MLA6 $3312/fn (1 child),3312,fortnightly,1,0,ATO MLA Scale 6 2026-27 sample data
MLA6 $3312/fn (2 children),3312,fortnightly,2,0,ATO MLA Scale 6 2026-27 sample data
MLA6 $3312/fn (3 children),3312,fortnightly,3,0,ATO MLA Scale 6 2026-27 sample data
MLA6 $3312/fn (4 children),3312,fortnightly,4,0,ATO MLA Scale 6 2026-27 sample data
MLA6 $3312/fn (5 children),3312,fortnightly,5,0,ATO MLA Scale 6 2026-27 sample data
MLA6 $3930.33/mo (1 child),3930.33,monthly,1,0,ATO MLA Scale 6 2026-27 sample data
MLA6 $3930.33/mo (2 children),3930.33,monthly,2,0,ATO MLA Scale 6 2026-27 sample data
MLA6 $3930.33/mo (3 children),3930.33,monthly,3,0,ATO MLA Scale 6 2026-27 sample data
MLA6 $3930.33/mo (4 children),3930.33,monthly,4,0,ATO MLA Scale 6 2026-27 sample data
MLA6 $3930.33/mo (5 children),3930.33,monthly,5,0,ATO MLA Scale 6 2026-27 sample data
MLA6 $3934.67/mo (1 child),3934.67,monthly,1,0,ATO MLA Scale 6 2026-27 sample data
MLA6 $3934.67/mo (2 children),3934.67,monthly,2,0,ATO MLA Scale 6 2026-27 sample data
MLA6 $3934.67/mo (3 children),3934.67,monthly,3,0,ATO MLA Scale 6 2026-27 sample data
MLA6 $3934.67/mo (4 children),3934.67,monthly,4,0,ATO MLA Scale 6 2026-27 sample data
MLA6 $3934.67/mo (5 children),3934.67,monthly,5,0,ATO MLA Scale 6 2026-27 sample data
MLA6 $4420/mo (1 child),4420,monthly,1,26,ATO MLA Scale 6 2026-27 sample data
MLA6 $4420/mo (2 children),4420,monthly,2,26,ATO MLA Scale 6 2026-27 sample data
MLA6 $4420/mo (3 children),4420,monthly,3,26,ATO MLA Scale 6 2026-27 sample data
MLA6 $4420/mo (4 children),4420,monthly,4,26,ATO MLA Scale 6 2026-27 sample data
MLA6 $4420/mo (5 children),4420,monthly,5,26,ATO MLA Scale 6 2026-27 sample data
MLA6 $4424.33/mo (1 child),4424.33,monthly,1,26,ATO MLA Scale 6 2026-27 sample data
MLA6 $4424.33/mo (2 children),4424.33,monthly,2,26,ATO MLA Scale 6 2026-27 sample data
MLA6 $4424.33/mo (3 children),4424.33,monthly,3,26,ATO MLA Scale 6 2026-27 sample data
MLA6 $4424.33/mo (4 children),4424.33,monthly,4,26,ATO MLA Scale 6 2026-27 sample data
MLA6 $4424.33/mo (5 children),4424.33,monthly,5,26,ATO MLA Scale 6 2026-27 sample data
MLA6 $4914/mo (1 child),4914,monthly,1,48,ATO MLA Scale 6 2026-27 sample data
MLA6 $4914/mo (2 children),4914,monthly,2,48,ATO MLA Scale 6 2026-27 sample data
MLA6 $4914/mo (3 children),4914,monthly,3,48,ATO MLA Scale 6 2026-27 sample data
MLA6 $4914/mo (4 children),4914,monthly,4,48,ATO MLA Scale 6 2026-27 sample data
MLA6 $4914/mo (5 children),4914,monthly,5,48,ATO MLA Scale 6 2026-27 sample data
MLA6 $4918.33/mo (1 child),4918.33,monthly,1,17,ATO MLA Scale 6 2026-27 sample data
MLA6 $4918.33/mo (2 children),4918.33,monthly,2,35,ATO MLA Scale 6 2026-27 sample data
MLA6 $4918.33/mo (3 children),4918.33,monthly,3,48,ATO MLA Scale 6 2026-27 sample data
MLA6 $4918.33/mo (4 children),4918.33,monthly,4,48,ATO MLA Scale 6 2026-27 sample data
MLA6 $4918.33/mo (5 children),4918.33,monthly,5,48,ATO MLA Scale 6 2026-27 sample data
MLA6 $5000.67/mo (1 child),5000.67,monthly,1,13,ATO MLA Scale 6 2026-27 sample data
MLA6 $5000.67/mo (2 children),5000.67,monthly,2,35,ATO MLA Scale 6 2026-27 sample data
MLA6 $5000.67/mo (3 children),5000.67,monthly,3,52,ATO MLA Scale 6 2026-27 sample data
MLA6 $5000.67/mo (4 children),5000.67,monthly,4,52,ATO MLA Scale 6 2026-27 sample data
MLA6 $5000.67/mo (5 children),5000.67,monthly,5,52,ATO MLA Scale 6 2026-27 sample data
MLA6 $5005/mo (1 child),5005,monthly,1,13,ATO MLA Scale 6 2026-27 sample data
MLA6 $5005/mo (2 children),5005,monthly,2,35,ATO MLA Scale 6 2026-27 sample data
MLA6 $5005/mo (3 children),5005,monthly,3,52,ATO MLA Scale 6 2026-27 sample data
MLA6 $5005/mo (4 children),5005,monthly,4,52,ATO MLA Scale 6 2026-27 sample data
MLA6 $5005/mo (5 children),5005,monthly,5,52,ATO MLA Scale 6 2026-27 sample data
MLA6 $5087.33/mo (1 child),5087.33,monthly,1,13,ATO MLA Scale 6 2026-27 sample data
MLA6 $5087.33/mo (2 children),5087.33,monthly,2,30,ATO MLA Scale 6 2026-27 sample data
MLA6 $5087.33/mo (3 children),5087.33,monthly,3,48,ATO MLA Scale 6 2026-27 sample data
MLA6 $5087.33/mo (4 children),5087.33,monthly,4,52,ATO MLA Scale 6 2026-27 sample data
MLA6 $5087.33/mo (5 children),5087.33,monthly,5,52,ATO MLA Scale 6 2026-27 sample data
MLA6 $5091.67/mo (1 child),5091.67,monthly,1,13,ATO MLA Scale 6 2026-27 sample data
MLA6 $5091.67/mo (2 children),5091.67,monthly,2,30,ATO MLA Scale 6 2026-27 sample data
MLA6 $5091.67/mo (3 children),5091.67,monthly,3,48,ATO MLA Scale 6 2026-27 sample data
MLA6 $5091.67/mo (4 children),5091.67,monthly,4,52,ATO MLA Scale 6 2026-27 sample data
MLA6 $5091.67/mo (5 children),5091.67,monthly,5,52,ATO MLA Scale 6 2026-27 sample data
MLA6 $5174/mo (1 child),5174,monthly,1,9,ATO MLA Scale 6 2026-27 sample data
MLA6 $5174/mo (2 children),5174,monthly,2,26,ATO MLA Scale 6 2026-27 sample data
MLA6 $5174/mo (3 children),5174,monthly,3,43,ATO MLA Scale 6 2026-27 sample data
MLA6 $5174/mo (4 children),5174,monthly,4,52,ATO MLA Scale 6 2026-27 sample data
MLA6 $5174/mo (5 children),5174,monthly,5,52,ATO MLA Scale 6 2026-27 sample data
MLA6 $5178.33/mo (1 child),5178.33,monthly,1,9,ATO MLA Scale 6 2026-27 sample data
MLA6 $5178.33/mo (2 children),5178.33,monthly,2,26,ATO MLA Scale 6 2026-27 sample data
MLA6 $5178.33/mo (3 children),5178.33,monthly,3,43,ATO MLA Scale 6 2026-27 sample data
MLA6 $5178.33/mo (4 children),5178.33,monthly,4,52,ATO MLA Scale 6 2026-27 sample data
MLA6 $5178.33/mo (5 children),5178.33,monthly,5,52,ATO MLA Scale 6 2026-27 sample data
MLA6 $5260.67/mo (1 child),5260.67,monthly,1,4,ATO MLA Scale 6 2026-27 sample data
MLA6 $5260.67/mo (2 children),5260.67,monthly,2,22,ATO MLA Scale 6 2026-27 sample data
MLA6 $5260.67/mo (3 children),5260.67,monthly,3,39,ATO MLA Scale 6 2026-27 sample data
MLA6 $5260.67/mo (4 children),5260.67,monthly,4,52,ATO MLA Scale 6 2026-27 sample data
MLA6 $5260.67/mo (5 children),5260.67,monthly,5,52,ATO MLA Scale 6 2026-27 sample data
MLA6 $5265/mo (1 child),5265,monthly,1,4,ATO MLA Scale 6 2026-27 sample data
MLA6 $5265/mo (2 children),5265,monthly,2,22,ATO MLA Scale 6 2026-27 sample data
MLA6 $5265/mo (3 children),5265,monthly,3,39,ATO MLA Scale 6 2026-27 sample data
MLA6 $5265/mo (4 children),5265,monthly,4,52,ATO MLA Scale 6 2026-27 sample data
MLA6 $5265/mo (5 children),5265,monthly,5,52,ATO MLA Scale 6 2026-27 sample data
MLA6 $5347.33/mo (1 child),5347.33,monthly,1,0,ATO MLA Scale 6 2026-27 sample data
MLA6 $5347.33/mo (2 children),5347.33,monthly,2,17,ATO MLA Scale 6 2026-27 sample data
MLA6 $5347.33/mo (3 children),5347.33,monthly,3,35,ATO MLA Scale 6 2026-27 sample data
MLA6 $5347.33/mo (4 children),5347.33,monthly,4,52,ATO MLA Scale 6 2026-27 sample data
MLA6 $5347.33/mo (5 children),5347.33,monthly,5,52,ATO MLA Scale 6 2026-27 sample data
MLA6 $5434/mo (1 child),5434,monthly,1,0,ATO MLA Scale 6 2026-27 sample data
MLA6 $5434/mo (2 children),5434,monthly,2,17,ATO MLA Scale 6 2026-27 sample data
MLA6 $5434/mo (3 children),5434,monthly,3,35,ATO MLA Scale 6 2026-27 sample data
MLA6 $5434/mo (4 children),5434,monthly,4,52,ATO MLA Scale 6 2026-27 sample data
MLA6 $5434/mo (5 children),5434,monthly,5,56,ATO MLA Scale 6 2026-27 sample data
MLA6 $5607.33/mo (1 child),5607.33,monthly,1,0,ATO MLA Scale 6 2026-27 sample data
MLA6 $5607.33/mo (2 children),5607.33,monthly,2,9,ATO MLA Scale 6 2026-27 sample data
MLA6 $5607.33/mo (3 children),5607.33,monthly,3,26,ATO MLA Scale 6 2026-27 sample data
MLA6 $5607.33/mo (4 children),5607.33,monthly,4,43,ATO MLA Scale 6 2026-27 sample data
MLA6 $5607.33/mo (5 children),5607.33,monthly,5,52,ATO MLA Scale 6 2026-27 sample data
MLA6 $5867.33/mo (1 child),5867.33,monthly,1,0,ATO MLA Scale 6 2026-27 sample data
MLA6 $5867.33/mo (2 children),5867.33,monthly,2,0,ATO MLA Scale 6 2026-27 sample data
MLA6 $5867.33/mo (3 children),5867.33,monthly,3,17,ATO MLA Scale 6 2026-27 sample data
MLA6 $5867.33/mo (4 children),5867.33,monthly,4,35,ATO MLA Scale 6 2026-27 sample data
MLA6 $5867.33/mo (5 children),5867.33,monthly,5,52,ATO MLA Scale 6 2026-27 sample data
MLA6 $5954/mo (1 child),5954,monthly,1,0,ATO MLA Scale 6 2026-27 sample data
MLA6 $5954/mo (2 children),5954,monthly,2,0,ATO MLA Scale 6 2026-27 sample data
MLA6 $5954/mo (3 children),5954,monthly,3,13,ATO MLA Scale 6 2026-27 sample data
MLA6 $5954/mo (4 children),5954,monthly,4,30,ATO MLA Scale 6 2026-27 sample data
MLA6 $5954/mo (5 children),5954,monthly,5,48,ATO MLA Scale 6 2026-27 sample data
MLA6 $6040.67/mo (1 child),6040.67,monthly,1,0,ATO MLA Scale 6 2026-27 sample data
MLA6 $6040.67/mo (2 children),6040.67,monthly,2,0,ATO MLA Scale 6 2026-27 sample data
MLA6 $6040.67/mo (3 children),6040.67,monthly,3,9,ATO MLA Scale 6 2026-27 sample data
MLA6 $6040.67/mo (4 children),6040.67,monthly,4,26,ATO MLA Scale 6 2026-27 sample data
MLA6 $6040.67/mo (5 children),6040.67,monthly,5,43,ATO MLA Scale 6 2026-27 sample data
MLA6 $6127.33/mo (1 child),6127.33,monthly,1,0,ATO MLA Scale 6 2026-27 sample data
MLA6 $6127.33/mo (2 children),6127.33,monthly,2,0,ATO MLA Scale 6 2026-27 sample data
MLA6 $6127.33/mo (3 children),6127.33,monthly,3,4,ATO MLA Scale 6 2026-27 sample data
MLA6 $6127.33/mo (4 children),6127.33,monthly,4,26,ATO MLA Scale 6 2026-27 sample data
MLA6 $6127.33/mo (5 children),6127.33,monthly,5,43,ATO MLA Scale 6 2026-27 sample data
MLA6 $6131.67/mo (1 child),6131.67,monthly,1,0,ATO MLA Scale 6 2026-27 sample data
MLA6 $6131.67/mo (2 children),6131.67,monthly,2,0,ATO MLA Scale 6 2026-27 sample data
MLA6 $6131.67/mo (3 children),6131.67,monthly,3,4,ATO MLA Scale 6 2026-27 sample data
MLA6 $6131.67/mo (4 children),6131.67,monthly,4,22,ATO MLA Scale 6 2026-27 sample data
MLA6 $6131.67/mo (5 children),6131.67,monthly,5,43,ATO MLA Scale 6 2026-27 sample data
MLA6 $6214/mo (1 child),6214,monthly,1,0,ATO MLA Scale 6 2026-27 sample data
MLA6 $6214/mo (2 children),6214,monthly,2,0,ATO MLA Scale 6 2026-27 sample data
MLA6 $6214/mo (3 children),6214,monthly,3,4,ATO MLA Scale 6 2026-27 sample data
MLA6 $6214/mo (4 children),6214,monthly,4,22,ATO MLA Scale 6 2026-27 sample data
MLA6 $6214/mo (5 children),6214,monthly,5,39,ATO MLA Scale 6 2026-27 sample data
MLA6 $6218.33/mo (1 child),6218.33,monthly,1,0,ATO MLA Scale 6 2026-27 sample data
MLA6 $6218.33/mo (2 children),6218.33,monthly,2,0,ATO MLA Scale 6 2026-27 sample data
MLA6 $6218.33/mo (3 children),6218.33,monthly,3,0,ATO MLA Scale 6 2026-27 sample data
MLA6 $6218.33/mo (4 children),6218.33,monthly,4,22,ATO MLA Scale 6 2026-27 sample data
MLA6 $6218.33/mo (5 children),6218.33,monthly,5,39,ATO MLA Scale 6 2026-27 sample data
MLA6 $6300.67/mo (1 child),6300.67,monthly,1,0,ATO MLA Scale 6 2026-27 sample data
MLA6 $6300.67/mo (2 children),6300.67,monthly,2,0,ATO MLA Scale 6 2026-27 sample data
MLA6 $6300.67/mo (3 children),6300.67,monthly,3,0,ATO MLA Scale 6 2026-27 sample data
MLA6 $6300.67/mo (4 children),6300.67,monthly,4,17,ATO MLA Scale 6 2026-27 sample data
MLA6 $6300.67/mo (5 children),6300.67,monthly,5,35,ATO MLA Scale 6 2026-27 sample data
MLA6 $6305/mo (1 child),6305,monthly,1,0,ATO MLA Scale 6 2026-27 sample data
MLA6 $6305/mo (2 children),6305,monthly,2,0,ATO MLA Scale 6 2026-27 sample data
MLA6 $6305/mo (3 children),6305,monthly,3,0,ATO MLA Scale 6 2026-27 sample data
MLA6 $6305/mo (4 children),6305,monthly,4,17,ATO MLA Scale 6 2026-27 sample data
MLA6 $6305/mo (5 children),6305,monthly,5,35,ATO MLA Scale 6 2026-27 sample data
MLA6 $6387.33/mo (1 child),6387.33,monthly,1,0,ATO MLA Scale 6 2026-27 sample data
MLA6 $6387.33/mo (2 children),6387.33,monthly,2,0,ATO MLA Scale 6 2026-27 sample data
MLA6 $6387.33/mo (3 children),6387.33,monthly,3,0,ATO MLA Scale 6 2026-27 sample data
MLA6 $6387.33/mo (4 children),6387.33,monthly,4,13,ATO MLA Scale 6 2026-27 sample data
MLA6 $6387.33/mo (5 children),6387.33,monthly,5,30,ATO MLA Scale 6 2026-27 sample data
MLA6 $6391.67/mo (1 child),6391.67,monthly,1,0,ATO MLA Scale 6 2026-27 sample data
MLA6 $6391.67/mo (2 children),6391.67,monthly,2,0,ATO MLA Scale 6 2026-27 sample data
MLA6 $6391.67/mo (3 children),6391.67,monthly,3,0,ATO MLA Scale 6 2026-27 sample data
MLA6 $6391.67/mo (4 children),6391.67,monthly,4,13,ATO MLA Scale 6 2026-27 sample data
MLA6 $6391.67/mo (5 children),6391.67,monthly,5,30,ATO MLA Scale 6 2026-27 sample data
MLA6 $6474/mo (1 child),6474,monthly,1,0,ATO MLA Scale 6 2026-27 sample data
MLA6 $6474/mo (2 children),6474,monthly,2,0,ATO MLA Scale 6 2026-27 sample data
MLA6 $6474/mo (3 children),6474,monthly,3,0,ATO MLA Scale 6 2026-27 sample data
MLA6 $6474/mo (4 children),6474,monthly,4,9,ATO MLA Scale 6 2026-27 sample data
MLA6 $6474/mo (5 children),6474,monthly,5,26,ATO MLA Scale 6 2026-27 sample data
MLA6 $6478.33/mo (1 child),6478.33,monthly,1,0,ATO MLA Scale 6 2026-27 sample data
MLA6 $6478.33/mo (2 children),6478.33,monthly,2,0,ATO MLA Scale 6 2026-27 sample data
MLA6 $6478.33/mo (3 children),6478.33,monthly,3,0,ATO MLA Scale 6 2026-27 sample data
MLA6 $6478.33/mo (4 children),6478.33,monthly,4,9,ATO MLA Scale 6 2026-27 sample data
MLA6 $6478.33/mo (5 children),6478.33,monthly,5,26,ATO MLA Scale 6 2026-27 sample data
MLA6 $6560.67/mo (1 child),6560.67,monthly,1,0,ATO MLA Scale 6 2026-27 sample data
MLA6 $6560.67/mo (2 children),6560.67,monthly,2,0,ATO MLA Scale 6 2026-27 sample data
MLA6 $6560.67/mo (3 children),6560.67,monthly,3,0,ATO MLA Scale 6 2026-27 sample data
MLA6 $6560.67/mo (4 children),6560.67,monthly,4,9,ATO MLA Scale 6 2026-27 sample data
MLA6 $6560.67/mo (5 children),6560.67,monthly,5,26,ATO MLA Scale 6 2026-27 sample data
MLA6 $6565/mo (1 child),6565,monthly,1,0,ATO MLA Scale 6 2026-27 sample data
MLA6 $6565/mo (2 children),6565,monthly,2,0,ATO MLA Scale 6 2026-27 sample data
MLA6 $6565/mo (3 children),6565,monthly,3,0,ATO MLA Scale 6 2026-27 sample data
MLA6 $6565/mo (4 children),6565,monthly,4,4,ATO MLA Scale 6 2026-27 sample data
MLA6 $6565/mo (5 children),6565,monthly,5,26,ATO MLA Scale 6 2026-27 sample data
MLA6 $6721/mo (1 child),6721,monthly,1,0,ATO MLA Scale 6 2026-27 sample data
MLA6 $6721/mo (2 children),6721,monthly,2,0,ATO MLA Scale 6 2026-27 sample data
MLA6 $6721/mo (3 children),6721,monthly,3,0,ATO MLA Scale 6 2026-27 sample data
MLA6 $6721/mo (4 children),6721,monthly,4,0,ATO MLA Scale 6 2026-27 sample data
MLA6 $6721/mo (5 children),6721,monthly,5,17,ATO MLA Scale 6 2026-27 sample data
MLA6 $6725.33/mo (1 child),6725.33,monthly,1,0,ATO MLA Scale 6 2026-27 sample data
MLA6 $6725.33/mo (2 children),6725.33,monthly,2,0,ATO MLA Scale 6 2026-27 sample data
MLA6 $6725.33/mo (3 children),6725.33,monthly,3,0,ATO MLA Scale 6 2026-27 sample data
MLA6 $6725.33/mo (4 children),6725.33,monthly,4,0,ATO MLA Scale 6 2026-27 sample data
MLA6 $6725.33/mo (5 children),6725.33,monthly,5,17,ATO MLA Scale 6 2026-27 sample data
MLA6 $7171.67/mo (1 child),7171.67,monthly,1,0,ATO MLA Scale 6 2026-27 sample data
MLA6 $7171.67/mo (2 children),7171.67,monthly,2,0,ATO MLA Scale 6 2026-27 sample data
MLA6 $7171.67/mo (3 children),7171.67,monthly,3,0,ATO MLA Scale 6 2026-27 sample data
MLA6 $7171.67/mo (4 children),7171.67,monthly,4,0,ATO MLA Scale 6 2026-27 sample data
MLA6 $7171.67/mo (5 children),7171.67,monthly,5,0,ATO MLA Scale 6 2026-27 sample data
MLA6 $7176/mo (1 child),7176,monthly,1,0,ATO MLA Scale 6 2026-27 sample data
MLA6 $7176/mo (2 children),7176,monthly,2,0,ATO MLA Scale 6 2026-27 sample data
MLA6 $7176/mo (3 children),7176,monthly,3,0,ATO MLA Scale 6 2026-27 sample data
MLA6 $7176/mo (4 children),7176,monthly,4,0,ATO MLA Scale 6 2026-27 sample data
MLA6 $7176/mo (5 children),7176,monthly,5,0,ATO MLA Scale 6 2026-27 sample data
